OrderID,PayInCurrencyKey,PayoutCurrencyKey,PayoutCountryKey,PayinCountryKey,SenderKey,PayInValue,CommissionExchangeRate,PayOutPartnerCommission,OrderCreated,OrderPaid,OrderCompleted,OrderCancelled
10590865,169,169,239,205,1118658,6600.0,1.0,56.0,2012/03/31 11:34,2012/03/31 00:00,2012/03/31 13:16,1970/01/01 00:00
10592721,169,100,133,205,538361,8115.0,42.70651,2100.0,2012/03/31 14:18,2012/03/31 00:00,2012/04/01 09:03,1970/01/01 00:00
10652419,169,100,133,205,538361,771.0,42.82631,200.0,2012/04/06 07:11,2012/04/06 00:00,2012/04/07 12:52,1970/01/01 00:00
10730296,169,100,133,205,538361,2343.0,42.270691,600.0,2012/04/14 06:40,2012/04/14 00:00,2012/04/14 10:05,1970/01/01 00:00
10754663,169,169,239,205,1137162,5610.0,1.0,34.0,2012/04/17 08:31,1970/01/01 00:00,1970/01/01 00:00,2012/04/17 08:47
10749939,169,100,133,205,1137162,3150.0,41.915042,800.0,2012/04/16 12:49,1970/01/01 00:00,1970/01/01 00:00,2012/04/22 23:06
10620548,169,100,133,205,1137162,771.0,42.756416,200.0,2012/04/03 08:22,2012/04/03 00:00,2012/04/06 11:01,1970/01/01 00:00
10754845,169,169,239,205,1137162,4950.0,1.0,60.0,2012/04/17 08:48,2012/04/17 00:00,2012/04/17 13:18,1970/01/01 00:00
9753485,169,151,239,205,990056,1803.0,0.074509,1.6,2012/01/18 08:23,2012/01/18 00:00,2012/01/21 08:08,1970/01/01 00:00
9785511,169,151,239,205,990056,1362.0,0.07334,0.6,2012/01/21 13:41,2012/01/24 00:00,2012/01/24 12:30,1970/01/01 00:00
9562029,169,100,133,205,990092,1830.0,40.966579,454.0,2011/12/30 13:28,2011/12/31 00:00,2012/01/02 06:42,1970/01/01 00:00
9499090,169,169,239,205,990081,3300.0,1.0,20.0,2011/12/27 09:00,2011/12/28 00:00,2012/01/02 08:07,1970/01/01 00:00
9552014,169,169,239,205,536959,990.0,1.0,6.0,2011/12/30 07:42,2011/12/30 00:00,2011/12/30 11:45,1970/01/01 00:00
9717930,169,151,239,205,536959,876.0,0.076461,0.1,2012/01/13 21:10,2012/01/14 00:00,2012/01/16 08:06,1970/01/01 00:00
9767006,169,151,239,205,536959,3156.0,0.075402,0.1,2012/01/20 04:31,2012/01/20 00:00,2012/01/22 08:51,1970/01/01 00:00
9781096,169,151,239,205,536959,1353.0,0.073761,0.1,2012/01/21 07:34,2012/01/22 00:00,2012/01/23 08:54,1970/01/01 00:00
9710079,169,151,239,205,1151255,1302.0,0.075982,1.2,2012/01/13 07:27,1970/01/01 00:00,1970/01/01 00:00,2012/01/19 23:15
9685206,169,169,239,205,544245,6600.0,1.0,40.0,2012/01/10 15:22,2012/01/11 00:00,2012/01/11 08:49,1970/01/01 00:00
9789068,169,151,239,205,544245,2268.0,0.074088,1.0,2012/01/22 06:20,2012/01/22 00:00,2012/01/25 09:38,1970/01/01 00:00
9813425,169,169,239,205,544245,11550.0,1.0,91.0,2012/01/24 10:56,2012/01/24 00:00,2012/01/25 11:00,1970/01/01 00:00
9807801,169,100,133,205,1023600,1623.0,40.679077,400.0,2012/01/24 06:00,2012/01/24 00:00,2012/01/24 07:09,1970/01/01 00:00
9791168,169,100,133,205,1023600,1629.0,40.530041,400.0,2012/01/22 08:38,2012/01/22 00:00,2012/01/25 06:47,1970/01/01 00:00
9749202,169,169,239,205,539036,1650.0,1.0,10.0,2012/01/18 04:52,2012/01/18 00:00,2012/01/20 09:02,1970/01/01 00:00
9834889,169,100,133,205,544543,813.0,40.633713,200.0,2012/01/25 09:06,2012/01/25 00:00,2012/01/29 09:38,1970/01/01 00:00
9837894,169,151,239,205,546274,10053.0,0.072469,4.4,2012/01/25 10:14,1970/01/01 00:00,1970/01/01 00:00,2012/01/30 23:15
9525518,169,151,239,205,546274,10044.0,0.072275,4.4,2011/12/28 10:38,2011/12/28 00:00,2011/12/30 09:24,1970/01/01 00:00
9692520,169,151,239,205,1748793,3921.0,0.075747,0.1,2012/01/11 08:02,2012/01/11 00:00,2012/01/15 07:29,1970/01/01 00:00
9532465,169,169,239,205,543841,1650.0,1.0,10.0,2011/12/29 05:06,2011/12/29 00:00,2011/12/30 07:17,1970/01/01 00:00
9485444,169,169,239,205,544334,660.0,1.0,4.0,2011/12/26 12:40,1970/01/01 00:00,1970/01/01 00:00,2012/01/01 22:12
9496962,169,169,239,205,544334,1980.0,1.0,24.0,2011/12/27 07:49,2011/12/27 00:00,2011/12/27 09:23,1970/01/01 00:00
9574507,169,169,239,205,544334,1980.0,1.0,24.0,2011/12/31 09:52,2011/12/31 00:00,2011/12/31 11:00,1970/01/01 00:00
9519918,169,169,239,205,1717207,3300.0,1.0,40.0,2011/12/28 08:02,1970/01/01 00:00,1970/01/01 00:00,2011/12/28 08:07
9621980,169,169,239,205,990049,2640.0,1.0,32.0,2012/01/04 07:41,1970/01/01 00:00,1970/01/01 00:00,2012/01/09 22:15
9647355,169,169,239,205,544334,2970.0,1.0,18.0,2012/01/06 11:59,2012/01/06 00:00,2012/01/07 07:40,1970/01/01 00:00
9789756,169,169,239,205,544334,1650.0,1.0,10.0,2012/01/22 07:03,2012/01/22 00:00,2012/01/22 11:51,1970/01/01 00:00
9716669,169,100,133,205,1618355,1800.0,40.647191,443.42,2012/01/13 15:46,2012/01/13 00:00,2012/01/15 08:34,1970/01/01 00:00
9630622,169,100,133,205,2139908,906.0,40.112263,220.0,2012/01/05 05:24,2012/01/05 00:00,2012/01/06 09:28,1970/01/01 00:00
9489788,169,151,239,205,2139983,1374.0,0.072467,0.6,2011/12/26 16:31,2011/12/27 00:00,2011/12/29 10:09,1970/01/01 00:00
9576942,169,169,239,205,1590325,1320.0,1.0,16.0,2011/12/31 12:04,2011/12/31 00:00,2012/01/01 12:47,1970/01/01 00:00
9523121,169,169,239,205,1217630,3300.0,1.0,26.0,2011/12/28 09:19,2011/12/28 00:00,2012/01/07 06:42,1970/01/01 00:00
9611415,169,151,239,205,533499,3564.0,0.074071,0.0,2012/01/03 11:17,2012/01/03 00:00,2012/01/03 12:02,1970/01/01 00:00
9531846,169,169,239,205,1746714,660.0,1.0,8.0,2011/12/28 20:20,2011/12/29 00:00,2011/12/30 10:15,1970/01/01 00:00
9660241,169,100,133,205,1165036,3237.0,40.772024,800.0,2012/01/07 17:42,1970/01/01 00:00,1970/01/01 00:00,2012/01/13 22:01
9725590,169,100,133,205,1165036,1641.0,41.216132,410.0,2012/01/14 19:15,2012/01/15 00:00,2012/01/15 11:58,1970/01/01 00:00
9708569,169,151,239,205,1746714,3102.0,0.074486,1.4,2012/01/13 06:25,2012/01/13 00:00,2012/01/16 10:34,1970/01/01 00:00
9513031,169,151,239,205,1746714,5937.0,0.072275,2.6,2011/12/28 05:20,2011/12/29 00:00,2012/01/31 13:12,1970/01/01 00:00
9535248,169,100,133,205,1165011,828.0,39.865353,200.0,2011/12/29 07:13,2011/12/29 00:00,2011/12/30 07:40,1970/01/01 00:00
9808721,169,169,239,205,2146301,2640.0,1.0,16.0,2012/01/24 06:44,2012/01/24 00:00,2012/01/25 09:29,1970/01/01 00:00
9658771,169,151,239,205,1165113,2241.0,0.073675,2.0,2012/01/07 13:35,2012/01/08 00:00,2012/01/09 09:16,1970/01/01 00:00
9796618,169,151,239,205,1150532,9093.0,0.073343,0.1,2012/01/22 20:57,2012/01/23 00:00,2012/01/27 09:02,1970/01/01 00:00
9533083,169,169,239,205,958840,1650.0,1.0,20.0,2011/12/29 05:45,2011/12/29 00:00,2012/01/10 08:53,1970/01/01 00:00
9761969,169,151,239,205,958840,2256.0,0.074492,2.0,2012/01/19 08:15,2012/01/19 00:00,2012/01/21 07:12,1970/01/01 00:00
9521960,169,169,239,205,1590961,1650.0,1.0,10.0,2011/12/28 08:48,2011/12/28 00:00,2012/01/02 11:01,1970/01/01 00:00
9693165,169,169,239,205,1590961,660.0,1.0,4.0,2012/01/11 08:28,2012/01/11 00:00,2012/01/13 08:01,1970/01/01 00:00
9733800,169,169,239,205,1590961,660.0,1.0,8.0,2012/01/16 06:47,2012/01/16 00:00,2012/01/17 06:14,1970/01/01 00:00
9505160,169,100,133,205,1555165,831.0,39.740938,200.0,2011/12/27 13:14,2011/12/27 00:00,2012/01/06 11:43,1970/01/01 00:00
9737315,169,100,133,205,1555165,3462.0,41.000871,860.0,2012/01/16 13:19,2012/01/16 00:00,2012/01/17 11:08,1970/01/01 00:00
9811253,169,100,133,205,1534743,1785.0,40.679077,440.0,2012/01/24 08:49,2012/01/24 00:00,2012/01/29 13:11,1970/01/01 00:00
9513213,169,169,239,205,544588,2310.0,1.0,28.0,2011/12/28 05:28,2011/12/28 00:00,2011/12/28 07:25,1970/01/01 00:00
9748594,169,169,239,205,544588,660.0,1.0,8.0,2012/01/18 03:35,2012/01/18 00:00,2012/01/21 12:47,1970/01/01 00:00
9498383,169,169,239,205,1023548,990.0,1.0,6.0,2011/12/27 08:37,2011/12/27 00:00,2011/12/27 10:45,1970/01/01 00:00
9476019,169,169,239,205,1023548,990.0,1.0,6.0,2011/12/26 06:59,2011/12/26 00:00,2011/12/27 10:48,1970/01/01 00:00
9507582,169,151,239,205,1170945,4566.0,0.072275,4.0,2011/12/27 15:15,2011/12/27 00:00,2011/12/28 06:09,1970/01/01 00:00
9526911,169,151,239,205,1170945,2283.0,0.072275,0.1,2011/12/28 11:44,2011/12/29 00:00,2012/01/01 08:47,1970/01/01 00:00
9689456,169,151,239,205,1170945,3921.0,0.075747,3.6,2012/01/11 06:06,2012/01/11 00:00,2012/01/11 07:48,1970/01/01 00:00
9689795,169,151,239,205,1170945,4356.0,0.075747,2.0,2012/01/11 06:18,2012/01/11 00:00,2012/01/11 09:30,1970/01/01 00:00
9753112,169,151,239,205,1170945,1353.0,0.074509,0.6,2012/01/18 08:05,2012/01/18 00:00,2012/01/20 06:16,1970/01/01 00:00
9638788,169,169,239,205,537702,990.0,1.0,6.0,2012/01/06 03:56,2012/01/06 00:00,2012/01/08 08:31,1970/01/01 00:00
9552372,169,151,239,205,1177361,3615.0,0.073048,1.6,2011/12/30 07:51,2011/12/30 00:00,2011/12/31 07:30,1970/01/01 00:00
9843164,169,169,239,205,537702,7920.0,1.0,62.4,2012/01/25 15:22,2012/01/25 00:00,2012/03/09 14:22,1970/01/01 00:00
9612449,169,100,133,205,1733117,1191.0,40.154994,290.0,2012/01/03 12:33,2012/01/03 00:00,2012/01/04 09:33,1970/01/01 00:00
9735754,169,100,133,205,1733117,1329.0,41.000526,330.0,2012/01/16 09:49,2012/01/16 00:00,2012/01/18 07:53,1970/01/01 00:00
9802853,169,100,133,205,1733117,2028.0,40.657466,500.0,2012/01/23 12:26,2012/01/23 00:00,2012/01/24 08:21,1970/01/01 00:00
9843809,169,169,239,205,1733110,990.0,1.0,12.0,2012/01/25 16:28,2012/01/27 00:00,2012/01/27 14:20,1970/01/01 00:00
9504646,169,151,239,205,1147738,11466.0,0.071951,5.0,2011/12/27 12:50,2011/12/27 00:00,2011/12/28 10:27,1970/01/01 00:00
9580423,169,151,239,205,1147738,9030.0,0.0731,4.0,2011/12/31 16:32,2011/12/31 00:00,2012/01/02 07:13,1970/01/01 00:00
9631432,169,169,239,205,1147738,3300.0,1.0,40.0,2012/01/05 06:31,2012/01/05 00:00,2012/01/07 06:31,1970/01/01 00:00
9650233,169,151,239,205,1147738,2196.0,0.075156,1.0,2012/01/06 16:39,2012/01/06 00:00,2012/01/07 10:05,1970/01/01 00:00
9647356,169,151,239,205,1147738,15417.0,0.074917,7.0,2012/01/06 11:59,2012/01/06 00:00,2012/01/07 10:07,1970/01/01 00:00
9688906,169,169,239,205,1147738,3300.0,1.0,20.0,2012/01/11 05:33,2012/01/11 00:00,2012/01/14 09:26,1970/01/01 00:00
9512958,169,151,239,205,1202574,2283.0,0.072275,0.0,2011/12/28 05:17,2011/12/28 00:00,2011/12/28 06:44,1970/01/01 00:00
9552406,169,151,239,205,1202574,4518.0,0.073048,2.0,2011/12/30 07:52,2011/12/30 00:00,2011/12/31 08:31,1970/01/01 00:00
9690451,169,151,239,205,1202574,3051.0,0.075747,0.0,2012/01/11 06:43,2012/01/11 00:00,2012/01/11 08:22,1970/01/01 00:00
9823298,169,151,239,205,1202574,3654.0,0.072469,0.0,2012/01/25 04:48,2012/01/25 00:00,2012/01/25 07:50,1970/01/01 00:00
9693838,169,169,239,205,1147731,6600.0,1.0,80.0,2012/01/11 09:00,2012/01/11 00:00,2012/01/13 07:10,1970/01/01 00:00
9584501,169,151,239,205,1753123,4563.0,0.072315,2.0,2012/01/01 07:04,1970/01/01 00:00,1970/01/01 00:00,2012/01/07 22:23
9775505,169,151,239,205,552740,3597.0,0.073418,1.6,2012/01/20 12:58,2012/01/20 00:00,2012/01/22 08:59,1970/01/01 00:00
9843352,169,151,239,205,552740,4569.0,0.072469,2.0,2012/01/25 15:39,2012/01/25 00:00,2012/01/26 08:14,1970/01/01 00:00
9680627,169,151,239,205,2148925,5673.0,0.075605,5.2,2012/01/10 09:17,2012/01/10 00:00,2012/01/10 10:07,1970/01/01 00:00
9772993,169,151,239,205,2148925,5418.0,0.073416,4.8,2012/01/20 09:56,2012/01/20 00:00,2012/01/21 09:04,1970/01/01 00:00
9579962,169,169,239,205,543066,1320.0,1.0,8.0,2011/12/31 15:39,2012/01/01 00:00,2012/01/02 11:44,1970/01/01 00:00
9506175,169,151,239,205,1150398,1848.0,0.071956,0.0,2011/12/27 14:02,2011/12/27 00:00,2011/12/27 14:02,1970/01/01 00:00
9571020,169,151,239,205,1150398,2259.0,0.073078,2.0,2011/12/31 07:32,2011/12/31 00:00,2012/01/03 14:10,1970/01/01 00:00
9782894,169,151,239,205,1150398,2259.0,0.073762,2.0,2012/01/21 09:37,2012/01/21 00:00,2012/01/22 13:17,1970/01/01 00:00
9815784,169,151,239,205,1600462,10959.0,0.072538,4.8,2012/01/24 13:23,2012/01/24 00:00,2012/01/27 10:16,1970/01/01 00:00
9533810,169,169,239,205,543725,1320.0,1.0,16.0,2011/12/29 06:20,2011/12/29 00:00,2011/12/30 08:43,1970/01/01 00:00
9766192,169,169,239,205,533006,4620.0,1.0,28.0,2012/01/19 18:58,2012/01/20 00:00,2012/01/24 09:16,1970/01/01 00:00
9715170,169,169,239,205,542805,660.0,1.0,8.0,2012/01/13 12:49,2012/01/13 00:00,2012/01/14 09:53,1970/01/01 00:00
9753703,169,151,239,205,542805,1353.0,0.074509,0.1,2012/01/18 08:34,2012/01/18 00:00,2012/01/21 07:43,1970/01/01 00:00
9773843,169,151,239,205,542805,1806.0,0.073417,0.1,2012/01/20 10:51,2012/01/20 00:00,2012/01/22 08:51,1970/01/01 00:00
9804621,169,151,239,205,542805,2289.0,0.072588,0.1,2012/01/23 15:40,2012/01/23 00:00,2012/01/27 10:05,1970/01/01 00:00
9675928,169,100,133,205,1555583,1458.0,40.741654,360.0,2012/01/09 18:16,2012/01/10 00:00,2012/01/11 09:59,1970/01/01 00:00
9504739,169,169,239,205,533061,990.0,1.0,6.0,2011/12/27 12:55,2011/12/28 00:00,2011/12/31 10:54,1970/01/01 00:00
9627536,169,169,239,205,538111,1650.0,1.0,10.0,2012/01/04 12:37,2012/01/04 00:00,2012/01/13 11:31,1970/01/01 00:00
9636111,169,169,239,205,533061,2640.0,1.0,16.0,2012/01/05 13:02,2012/01/05 00:00,2012/01/09 09:03,1970/01/01 00:00
9644557,169,100,133,205,951886,1800.0,40.135241,437.84,2012/01/06 09:06,2012/01/07 00:00,2012/01/08 06:42,1970/01/01 00:00
9480208,169,169,239,205,544922,3300.0,1.0,40.0,2011/12/26 09:17,2011/12/26 00:00,2011/12/27 11:29,1970/01/01 00:00
9607171,169,151,239,205,544922,2247.0,0.073421,2.0,2012/01/03 06:56,2012/01/03 00:00,2012/01/03 09:57,1970/01/01 00:00
9727303,169,151,239,205,544922,1323.0,0.074826,1.2,2012/01/15 06:49,2012/01/15 00:00,2012/01/16 10:09,1970/01/01 00:00
9528529,169,169,239,205,952020,660.0,1.0,8.0,2011/12/28 13:23,2011/12/28 00:00,2011/12/30 13:20,1970/01/01 00:00
9663124,169,151,239,205,529560,6690.0,0.073976,6.0,2012/01/08 07:57,1970/01/01 00:00,1970/01/01 00:00,2012/01/14 22:12
9663150,169,151,239,205,529560,6690.0,0.073976,6.0,2012/01/08 07:58,2012/01/08 00:00,2012/01/11 08:50,1970/01/01 00:00
9657925,169,169,239,205,529560,990.0,1.0,6.0,2012/01/07 12:07,2012/01/07 00:00,2012/05/01 08:09,1970/01/01 00:00
9505947,169,169,239,205,1219093,2640.0,1.0,16.0,2011/12/27 13:51,2011/12/27 00:00,2012/01/10 10:06,1970/01/01 00:00
9783322,169,169,239,205,2147094,1650.0,1.0,13.0,2012/01/21 10:11,2012/01/21 00:00,2012/01/21 15:51,1970/01/01 00:00
9579760,169,100,133,205,969016,1230.0,40.250126,300.0,2011/12/31 15:18,1970/01/01 00:00,1970/01/01 00:00,2012/01/06 22:06
9782656,169,100,133,205,969016,8349.0,40.717396,2060.0,2012/01/21 09:18,1970/01/01 00:00,1970/01/01 00:00,2012/01/27 23:20
9780577,169,100,133,205,969016,8106.0,40.715637,2000.0,2012/01/21 07:03,1970/01/01 00:00,1970/01/01 00:00,2012/01/27 23:26
9788153,169,100,133,205,969016,2523.0,40.529721,620.0,2012/01/22 04:38,1970/01/01 00:00,1970/01/01 00:00,2012/01/28 23:13
9802840,169,100,133,205,969016,5277.0,40.657466,1300.0,2012/01/23 12:24,1970/01/01 00:00,1970/01/01 00:00,2012/01/29 23:10
9798282,169,100,133,205,969016,5289.0,40.561534,1300.0,2012/01/23 06:25,1970/01/01 00:00,1970/01/01 00:00,2012/01/29 23:15
9547217,169,100,133,205,969016,1668.0,39.55404,400.0,2011/12/30 05:20,2011/12/30 00:00,2011/12/30 13:24,1970/01/01 00:00
9581395,169,100,133,205,969016,1230.0,40.250126,300.0,2011/12/31 19:13,2012/01/01 00:00,2012/01/02 10:23,1970/01/01 00:00
9659912,169,100,133,205,969016,768.0,40.772024,190.0,2012/01/07 16:25,2012/01/08 00:00,2012/01/08 12:03,1970/01/01 00:00
9788132,169,100,133,205,969016,5700.0,40.529721,1400.0,2012/01/22 04:35,2012/01/22 00:00,2012/01/23 07:30,1970/01/01 00:00
9494156,169,100,133,205,571610,3300.0,40.858511,817.18,2011/12/27 06:22,2011/12/27 00:00,2011/12/27 12:01,1970/01/01 00:00
9624469,169,151,239,205,571717,1341.0,0.073803,0.6,2012/01/04 09:09,2012/01/04 00:00,2012/01/04 09:23,1970/01/01 00:00
9757934,169,151,239,205,571717,2256.0,0.074509,1.0,2012/01/18 15:06,2012/01/18 00:00,2012/01/20 10:54,1970/01/01 00:00
9798412,169,100,133,205,969016,5043.0,40.561534,1240.0,2012/01/23 06:35,2012/01/23 00:00,2012/01/24 08:00,1970/01/01 00:00
9823203,169,100,133,205,969016,1788.0,40.63371,440.0,2012/01/25 04:44,2012/01/25 00:00,2012/01/27 06:39,1970/01/01 00:00
9514972,169,100,133,205,532511,2319.0,39.860705,560.0,2011/12/28 06:20,1970/01/01 00:00,1970/01/01 00:00,2012/01/02 22:27
9516204,169,100,133,205,1138573,1647.0,39.860705,398.0,2011/12/28 06:45,2011/12/28 00:00,2012/01/06 08:13,1970/01/01 00:00
9824600,169,100,133,205,1138573,6603.0,40.63371,1626.0,2012/01/25 05:30,2012/01/25 00:00,2012/01/28 07:55,1970/01/01 00:00
9514685,169,100,133,205,532511,2310.0,39.860705,558.04,2011/12/28 06:13,1970/01/01 00:00,1970/01/01 00:00,2012/01/02 22:27
9755542,169,100,133,205,532511,1800.0,40.890984,446.08,2012/01/18 10:23,1970/01/01 00:00,1970/01/01 00:00,2012/01/23 23:08
9511626,169,100,133,205,532511,2484.0,39.860705,600.0,2011/12/28 03:58,2011/12/28 00:00,2011/12/31 11:37,1970/01/01 00:00
9514851,169,100,133,205,532511,2319.0,39.860705,560.0,2011/12/28 06:17,2011/12/28 00:00,2012/01/06 07:28,1970/01/01 00:00
9619334,169,100,133,205,532511,2058.0,40.112263,500.0,2012/01/04 06:21,2012/01/04 00:00,2012/01/06 10:37,1970/01/01 00:00
9752961,169,103,159,205,1747668,2400.0,3.174395,0.0,2012/01/18 07:58,2012/01/18 00:00,2012/01/20 12:48,1970/01/01 00:00
9770904,169,100,133,205,1747668,4200.0,40.865145,1040.2,2012/01/20 08:08,2012/01/20 00:00,2012/01/24 07:00,1970/01/01 00:00
9810630,169,103,159,205,1747668,1041.0,3.17452,0.0,2012/01/24 08:16,2012/01/24 00:00,2012/02/04 14:46,1970/01/01 00:00
9507173,169,169,239,205,2132043,2640.0,1.0,32.0,2011/12/27 14:51,1970/01/01 00:00,1970/01/01 00:00,2012/01/02 22:46
9507242,169,169,239,205,2132043,2640.0,1.0,16.0,2011/12/27 14:54,2011/12/28 00:00,2012/01/02 13:42,1970/01/01 00:00
9658534,169,169,239,205,2132043,5940.0,1.0,36.0,2012/01/07 13:12,2012/01/07 00:00,2012/01/08 13:39,1970/01/01 00:00
9507111,169,151,239,205,960333,2772.0,0.072053,1.2,2011/12/27 14:47,2011/12/28 00:00,2011/12/30 10:41,1970/01/01 00:00
9561125,169,151,239,205,1129338,1350.0,0.073266,0.0,2011/12/30 12:43,2011/12/30 00:00,2011/12/30 23:03,1970/01/01 00:00
9526769,169,169,239,205,1129338,1650.0,1.0,20.0,2011/12/28 11:36,2011/12/28 00:00,2012/01/03 11:45,1970/01/01 00:00
9693162,169,151,239,205,1129338,1307.01,0.075747,0.0,2012/01/11 08:28,2012/01/11 00:00,2012/01/11 08:28,1970/01/01 00:00
9813264,169,151,239,205,962966,1374.0,0.072538,0.1,2012/01/24 10:47,2012/01/24 00:00,2012/01/29 08:36,1970/01/01 00:00
9658574,169,169,239,205,2132043,5610.0,1.0,34.0,2012/01/07 13:15,2012/01/07 00:00,2012/01/08 13:40,1970/01/01 00:00
9771852,169,169,239,205,2132043,2475.0,1.0,30.0,2012/01/20 08:52,2012/01/20 00:00,2012/01/21 11:41,1970/01/01 00:00
9809712,169,151,239,205,2132043,4581.0,0.072595,0.0,2012/01/24 07:31,2012/01/24 00:00,2012/01/24 08:08,1970/01/01 00:00
9829008,169,169,239,205,1025770,1650.0,1.0,10.0,2012/01/25 07:06,2012/01/25 00:00,2012/01/27 13:24,1970/01/01 00:00
9703746,169,169,239,205,1154799,6600.0,1.0,80.0,2012/01/12 11:04,2012/01/12 00:00,2012/01/13 11:28,1970/01/01 00:00
9724840,169,169,239,205,1154826,990.0,1.0,12.0,2012/01/14 16:00,1970/01/01 00:00,1970/01/01 00:00,2012/01/20 23:02
9725997,169,151,239,205,1154826,1764.0,0.074826,1.6,2012/01/15 04:08,2012/01/16 00:00,2012/01/18 07:43,1970/01/01 00:00
9840175,169,151,239,205,1154826,2742.0,0.072469,1.2,2012/01/25 11:49,2012/01/25 00:00,2012/01/25 14:56,1970/01/01 00:00
9561432,169,151,239,205,534224,3603.0,0.073266,3.2,2011/12/30 12:59,2011/12/30 00:00,2011/12/31 06:14,1970/01/01 00:00
9838324,169,100,133,205,534224,1500.0,40.633713,369.4,2012/01/25 10:27,2012/01/25 00:00,2012/01/31 10:54,1970/01/01 00:00
9529201,169,174,236,205,1136769,2994.0,0.86081,33.0,2011/12/28 14:11,2011/12/28 00:00,2011/12/31 07:18,1970/01/01 00:00
9606613,169,174,236,205,1136769,2709.0,0.86482,31.24,2012/01/03 06:28,2012/01/03 00:00,2012/01/03 09:52,1970/01/01 00:00
9634317,169,169,239,205,1122320,660.0,1.0,8.0,2012/01/05 09:38,2012/01/05 00:00,2012/01/06 07:45,1970/01/01 00:00
9697315,169,169,239,205,1667437,3300.0,1.0,40.0,2012/01/11 13:51,2012/01/11 00:00,2012/01/13 06:59,1970/01/01 00:00
9772080,169,169,239,205,1122404,3300.0,1.0,40.0,2012/01/20 09:05,2012/01/20 00:00,2012/01/20 14:21,1970/01/01 00:00
9674796,169,151,239,205,1747041,3507.0,0.075305,0.1,2012/01/09 15:07,1970/01/01 00:00,1970/01/01 00:00,2012/01/15 22:08
9701882,169,169,239,205,1544817,1650.0,1.0,10.0,2012/01/12 08:09,1970/01/01 00:00,1970/01/01 00:00,2012/01/17 22:08
9702022,169,169,239,205,1544817,1650.0,1.0,10.0,2012/01/12 08:20,2012/01/12 00:00,2012/01/13 07:42,1970/01/01 00:00
9702254,169,169,239,205,1544817,1650.0,1.0,10.0,2012/01/12 08:39,2012/01/12 00:00,2012/01/14 09:45,1970/01/01 00:00
9711696,169,169,239,205,546140,1650.0,1.0,10.0,2012/01/13 08:41,2012/01/13 00:00,2012/01/14 12:30,1970/01/01 00:00
9562087,169,169,239,205,1123404,3300.0,1.0,20.0,2011/12/30 13:31,2011/12/30 00:00,2012/01/02 08:23,1970/01/01 00:00
9645150,169,151,239,205,1089646,3084.0,0.074927,0.0,2012/01/06 09:33,2012/01/06 00:00,2012/01/06 09:52,1970/01/01 00:00
9554831,169,169,239,205,1089648,990.0,1.0,12.0,2011/12/30 08:55,2011/12/30 00:00,2011/12/30 11:29,1970/01/01 00:00
9628014,169,169,239,205,2139817,3300.0,1.0,20.0,2012/01/04 13:36,2012/01/04 00:00,2012/01/11 07:48,1970/01/01 00:00
9588521,169,100,133,205,1234694,10494.0,40.256529,2560.0,2012/01/01 10:30,1970/01/01 00:00,1970/01/01 00:00,2012/01/01 11:40
9589621,169,100,133,205,1234694,9000.0,40.256529,2195.82,2012/01/01 11:39,2012/01/01 00:00,2012/01/02 09:21,1970/01/01 00:00
9689535,169,100,133,205,1234694,8997.0,40.645995,2216.0,2012/01/11 06:10,2012/01/11 00:00,2012/01/16 06:27,1970/01/01 00:00
9490936,169,151,239,205,1137360,3678.0,0.072467,3.2,2011/12/26 18:43,1970/01/01 00:00,1970/01/01 00:00,2012/01/01 22:01
9723662,169,151,239,205,564835,1968.0,0.075409,0.1,2012/01/14 12:57,2012/01/14 00:00,2012/01/16 08:03,1970/01/01 00:00
9651704,169,151,239,205,1089653,897.0,0.073672,0.1,2012/01/07 04:25,2012/01/07 00:00,2012/01/09 08:03,1970/01/01 00:00
9826800,169,151,239,205,1089653,4113.0,0.072469,3.6,2012/01/25 06:23,2012/01/25 00:00,2012/01/27 09:04,1970/01/01 00:00
9537223,169,169,239,205,1234769,990.0,1.0,12.0,2011/12/29 08:28,1970/01/01 00:00,1970/01/01 00:00,2012/01/03 22:24
9537163,169,169,239,205,1234769,990.0,1.0,12.0,2011/12/29 08:26,1970/01/01 00:00,1970/01/01 00:00,2012/01/03 22:24
9537286,169,169,239,205,1234769,990.0,1.0,6.0,2011/12/29 08:30,2011/12/29 00:00,2011/12/30 14:57,1970/01/01 00:00
9652063,169,169,239,205,1234769,3795.0,1.0,23.0,2012/01/07 05:20,2012/01/07 00:00,2012/01/08 12:51,1970/01/01 00:00
9722322,169,169,239,205,1137460,1320.0,1.0,10.4,2012/01/14 10:27,2012/01/14 00:00,2012/01/15 08:36,1970/01/01 00:00
9616010,169,151,239,205,604266,3120.0,0.074069,1.4,2012/01/03 18:05,1970/01/01 00:00,1970/01/01 00:00,2012/01/09 22:27
9642992,169,169,239,205,604266,3300.0,1.0,20.0,2012/01/06 07:59,1970/01/01 00:00,1970/01/01 00:00,2012/01/12 22:15
9519305,169,169,239,205,604266,1650.0,1.0,10.0,2011/12/28 07:49,2011/12/28 00:00,2011/12/28 09:51,1970/01/01 00:00
9830202,169,169,239,205,551738,990.0,1.0,12.0,2012/01/25 07:28,2012/01/25 00:00,2012/01/27 14:39,1970/01/01 00:00
9641429,169,169,239,205,551699,3960.0,1.0,24.0,2012/01/06 06:58,2012/01/06 00:00,2012/01/06 10:39,1970/01/01 00:00
9810842,169,169,239,205,1740689,8250.0,1.0,65.0,2012/01/24 08:27,2012/01/24 00:00,2012/01/26 06:51,1970/01/01 00:00
9725000,169,169,239,205,601594,6600.0,1.0,80.0,2012/01/14 16:36,2012/01/14 00:00,2012/01/15 06:46,1970/01/01 00:00
9542852,169,169,239,205,551724,1650.0,1.0,10.0,2011/12/29 14:45,2011/12/29 00:00,2011/12/30 12:07,1970/01/01 00:00
9719612,169,169,239,205,584137,660.0,1.0,4.0,2012/01/14 06:49,2012/01/14 00:00,2012/01/15 10:00,1970/01/01 00:00
9736149,169,151,239,205,533499,3588.0,0.074561,0.0,2012/01/16 10:38,2012/01/16 00:00,2012/01/16 11:51,1970/01/01 00:00
9607216,169,151,239,205,1100185,5394.0,0.073421,4.8,2012/01/03 06:57,2012/01/03 00:00,2012/01/06 07:42,1970/01/01 00:00
9512145,169,100,133,205,584305,2898.0,39.860705,700.0,2011/12/28 04:37,2011/12/28 00:00,2011/12/28 09:14,1970/01/01 00:00
9519138,169,100,133,205,584305,3021.0,39.860705,730.0,2011/12/28 07:46,2011/12/28 00:00,2011/12/28 09:14,1970/01/01 00:00
9517801,169,100,133,205,584305,1242.0,39.860705,300.0,2011/12/28 07:19,2011/12/28 00:00,2011/12/28 09:15,1970/01/01 00:00
9614455,169,100,133,205,584305,9000.0,40.154994,2190.0,2012/01/03 15:03,2012/01/06 00:00,2012/01/07 07:37,1970/01/01 00:00
9725394,169,100,133,205,584305,1800.0,41.216132,450.0,2012/01/14 18:16,2012/01/15 00:00,2012/01/17 07:26,1970/01/01 00:00
9710854,169,169,239,205,2139990,1650.0,1.0,10.0,2012/01/13 08:02,2012/01/13 00:00,2012/01/14 08:17,1970/01/01 00:00
9650985,169,151,239,205,1117315,3075.0,0.075156,1.4,2012/01/06 18:53,2012/01/07 00:00,2012/01/11 06:55,1970/01/01 00:00
9648443,169,151,239,205,1117315,11013.0,0.074916,10.0,2012/01/06 13:25,2012/01/06 00:00,2012/01/11 07:51,1970/01/01 00:00
9713922,169,151,239,205,1117315,4326.0,0.07648,4.0,2012/01/13 11:00,2012/01/13 00:00,2012/01/14 06:54,1970/01/01 00:00
9766583,169,151,239,205,1117315,13530.0,0.075416,6.0,2012/01/19 23:29,2012/01/20 00:00,2012/01/21 12:59,1970/01/01 00:00
9751580,169,169,239,205,1117315,990.0,1.0,6.0,2012/01/18 07:03,2012/01/18 00:00,2012/01/22 11:21,1970/01/01 00:00
9520613,169,169,239,205,1184274,990.0,1.0,7.8,2011/12/28 08:18,2011/12/28 00:00,2011/12/28 11:41,1970/01/01 00:00
9631402,169,151,239,205,550504,2235.0,0.073803,2.0,2012/01/05 06:30,2012/01/05 00:00,2012/01/08 12:59,1970/01/01 00:00
9506924,169,169,239,205,1590379,5610.0,1.0,34.0,2011/12/27 14:37,2011/12/27 00:00,2011/12/28 07:59,1970/01/01 00:00
9649190,169,151,239,205,534544,4407.0,0.074904,4.0,2012/01/06 14:28,1970/01/01 00:00,1970/01/01 00:00,2012/01/12 22:08
9487776,169,100,133,205,1590443,900.0,40.306325,219.86,2011/12/26 14:16,2011/12/26 00:00,2011/12/30 09:20,1970/01/01 00:00
9489880,169,169,239,205,1217841,825.0,1.0,10.0,2011/12/26 16:42,2011/12/26 00:00,2011/12/28 06:16,1970/01/01 00:00
9792004,169,100,133,205,1590443,651.0,40.530041,159.9,2012/01/22 09:45,2012/01/22 00:00,2012/01/23 09:46,1970/01/01 00:00
9703433,169,169,239,205,538827,3300.0,1.0,26.0,2012/01/12 10:25,2012/01/12 00:00,2012/01/12 16:38,1970/01/01 00:00
9700878,169,169,239,205,1217973,3300.0,1.0,40.0,2012/01/12 06:59,1970/01/01 00:00,1970/01/01 00:00,2012/01/17 22:09
9700911,169,151,239,205,1217973,3486.0,0.075742,3.2,2012/01/12 07:01,2012/01/12 00:00,2012/01/20 12:57,1970/01/01 00:00
9672226,169,151,239,205,551631,1338.0,0.073968,0.1,2012/01/09 10:08,2012/01/09 00:00,2012/01/13 08:13,1970/01/01 00:00
10766538,169,100,133,205,2139908,1179.0,41.950508,300.0,2012/04/18 09:22,2012/04/21 00:00,2012/04/22 12:51,1970/01/01 00:00
10840095,169,100,133,205,2139908,4011.0,43.599265,1060.0,2012/04/25 07:24,2012/04/25 00:00,2012/04/25 10:16,1970/01/01 00:00
10602994,169,151,239,205,1154624,783.0,0.064493,0.1,2012/04/01 12:19,1970/01/01 00:00,1970/01/01 00:00,2012/04/07 23:08
10575522,169,169,239,205,1584897,6600.0,1.0,80.0,2012/03/30 08:13,2012/03/30 00:00,2012/03/30 11:11,1970/01/01 00:00
10641485,169,151,239,205,1584897,3231.0,0.062692,2.4,2012/04/05 06:48,2012/04/05 00:00,2012/04/06 06:38,1970/01/01 00:00
10849273,169,169,239,205,1584897,1650.0,1.0,20.0,2012/04/25 11:59,2012/04/25 00:00,2012/04/27 08:50,1970/01/01 00:00
9546179,169,151,239,205,1534832,12852.0,0.071896,11.2,2011/12/30 04:11,2011/12/30 00:00,2012/01/03 06:19,1970/01/01 00:00
9732791,169,169,239,205,1534832,2310.0,1.0,28.0,2012/01/16 04:44,2012/01/16 00:00,2012/01/17 11:50,1970/01/01 00:00
9620826,169,151,239,205,545220,2235.0,0.073803,0.0,2012/01/04 07:07,2012/01/04 00:00,2012/01/04 11:20,1970/01/01 00:00
9827698,169,100,133,205,941867,4062.0,40.63371,1000.0,2012/01/25 06:41,2012/01/25 00:00,2012/01/27 08:07,1970/01/01 00:00
9768488,169,169,239,205,1194150,3300.0,1.0,20.0,2012/01/20 06:27,1970/01/01 00:00,1970/01/01 00:00,2012/01/20 07:13
9571829,169,169,239,205,1194150,660.0,1.0,4.0,2011/12/31 08:01,2011/12/31 00:00,2012/01/01 13:01,1970/01/01 00:00
9654065,169,169,239,205,1194150,3300.0,1.0,20.0,2012/01/07 07:28,2012/01/07 00:00,2012/01/07 11:05,1970/01/01 00:00
9668606,169,169,239,205,1194150,660.0,1.0,8.0,2012/01/09 03:56,2012/01/09 00:00,2012/01/09 08:20,1970/01/01 00:00
9769759,169,169,239,205,1194150,3300.0,1.0,20.0,2012/01/20 07:19,2012/01/20 00:00,2012/01/20 10:16,1970/01/01 00:00
9735956,169,151,239,205,1194150,4485.0,0.074561,2.0,2012/01/16 10:13,2012/01/16 00:00,2012/01/21 07:59,1970/01/01 00:00
9626143,169,169,239,205,999548,990.0,1.0,7.8,2012/01/04 10:41,2012/01/04 00:00,2012/01/05 09:02,1970/01/01 00:00
9640248,169,169,239,205,999548,1320.0,1.0,8.0,2012/01/06 06:11,2012/01/06 00:00,2012/01/06 09:39,1970/01/01 00:00
9724270,169,169,239,205,999548,660.0,1.0,8.0,2012/01/14 14:20,2012/01/14 00:00,2012/01/15 13:02,1970/01/01 00:00
9614859,169,151,239,205,2150788,6684.0,0.074069,3.0,2012/01/03 15:45,2012/01/04 00:00,2012/01/04 14:56,1970/01/01 00:00
9677580,169,151,239,205,958279,4422.0,0.074639,0.0,2012/01/10 06:08,2012/01/11 00:00,2012/01/11 11:09,1970/01/01 00:00
9643412,169,151,239,205,604266,3153.0,0.073241,2.8,2012/01/06 08:15,2012/01/06 00:00,2012/01/08 06:41,1970/01/01 00:00
9712187,169,151,239,205,604266,3453.0,0.076482,1.6,2012/01/13 09:05,2012/01/13 00:00,2012/01/14 10:05,1970/01/01 00:00
9659684,169,151,239,205,604259,4440.0,0.074306,4.0,2012/01/07 15:39,2012/01/07 00:00,2012/01/08 09:01,1970/01/01 00:00
9653366,169,169,239,205,539763,825.0,1.0,10.0,2012/01/07 06:52,2012/01/07 00:00,2012/01/09 09:35,1970/01/01 00:00
9719144,169,169,239,205,539763,1320.0,1.0,16.0,2012/01/14 06:20,2012/01/14 00:00,2012/01/15 12:26,1970/01/01 00:00
9624101,169,169,239,205,2139858,660.0,1.0,4.0,2012/01/04 08:54,2012/01/04 00:00,2012/01/04 09:19,1970/01/01 00:00
9646067,169,169,239,205,2139858,4092.0,1.0,24.8,2012/01/06 10:24,2012/01/06 00:00,2012/01/06 12:33,1970/01/01 00:00
9754450,169,169,239,205,2139858,660.0,1.0,4.0,2012/01/18 09:13,2012/01/18 00:00,2012/01/20 11:36,1970/01/01 00:00
9658228,169,169,239,205,1750549,660.0,1.0,4.0,2012/01/07 12:39,2012/01/07 00:00,2012/01/09 10:21,1970/01/01 00:00
9513139,169,151,239,205,533213,1371.0,0.072275,0.1,2011/12/28 05:25,2011/12/28 00:00,2012/01/01 08:43,1970/01/01 00:00
9486574,169,151,239,205,540065,3201.0,0.072749,1.4,2011/12/26 13:26,2011/12/26 00:00,2011/12/27 10:05,1970/01/01 00:00
9569439,169,100,133,205,538747,2640.0,40.836216,653.6,2011/12/31 06:36,2011/12/31 00:00,2011/12/31 15:03,1970/01/01 00:00
9600781,169,100,133,205,538747,3960.0,40.244377,966.14,2012/01/02 11:27,2012/01/02 00:00,2012/01/02 12:40,1970/01/01 00:00
9652956,169,169,239,205,533188,2310.0,1.0,28.0,2012/01/07 06:29,2012/01/07 00:00,2012/01/17 09:51,1970/01/01 00:00
9711689,169,169,239,205,533188,1980.0,1.0,24.0,2012/01/13 08:41,2012/01/13 00:00,2012/01/17 09:57,1970/01/01 00:00
9498439,169,151,239,205,1101603,1377.0,0.071951,1.2,2011/12/27 08:39,1970/01/01 00:00,1970/01/01 00:00,2012/01/03 22:38
9703658,169,151,239,205,1101603,1305.0,0.075933,0.6,2012/01/12 10:54,1970/01/01 00:00,1970/01/01 00:00,2012/01/17 22:05
9711571,169,169,239,205,1101603,3300.0,1.0,20.0,2012/01/13 08:35,1970/01/01 00:00,1970/01/01 00:00,2012/01/19 23:13
9703887,169,151,239,205,1101603,1305.0,0.075933,0.6,2012/01/12 11:22,2012/01/12 00:00,2012/01/13 10:55,1970/01/01 00:00
9714901,169,169,239,205,1101603,3300.0,1.0,40.0,2012/01/13 12:21,2012/01/13 00:00,2012/01/13 14:04,1970/01/01 00:00
9722099,169,169,239,205,1101603,660.0,1.0,8.0,2012/01/14 10:04,2012/01/14 00:00,2012/01/14 13:49,1970/01/01 00:00
9600868,169,100,133,205,538747,1980.0,40.244377,482.92,2012/01/02 11:33,2012/01/02 00:00,2012/01/06 14:29,1970/01/01 00:00
9735211,169,100,133,205,538747,1650.0,41.000426,410.3,2012/01/16 08:48,2012/01/16 00:00,2012/01/16 10:09,1970/01/01 00:00
9734304,169,100,133,205,538747,4809.0,41.17552,1200.0,2012/01/16 07:24,2012/01/16 00:00,2012/01/18 06:11,1970/01/01 00:00
9791711,169,100,133,205,538747,1800.0,40.530041,442.2,2012/01/22 09:20,2012/01/22 00:00,2012/01/22 13:23,1970/01/01 00:00
9833257,169,100,133,205,538747,1320.0,40.633713,325.14,2012/01/25 08:31,2012/01/25 00:00,2012/01/27 11:00,1970/01/01 00:00
9496388,169,100,133,205,1550919,1578.0,39.731059,380.0,2011/12/27 07:31,2011/12/27 00:00,2011/12/27 11:07,1970/01/01 00:00
9567324,169,100,133,205,1750715,1617.0,40.836216,400.0,2011/12/31 04:30,2011/12/31 00:00,2011/12/31 08:28,1970/01/01 00:00
9817532,169,169,239,205,538838,3300.0,1.0,20.0,2012/01/24 15:08,2012/01/24 00:00,2012/01/25 07:47,1970/01/01 00:00
9513668,169,151,239,205,538847,3195.0,0.072275,1.4,2011/12/28 05:46,2011/12/28 00:00,2011/12/29 05:42,1970/01/01 00:00
9511852,169,169,239,205,538847,660.0,1.0,4.0,2011/12/28 04:17,2011/12/28 00:00,2011/12/30 06:48,1970/01/01 00:00
9513778,169,169,239,205,538847,8250.0,1.0,50.0,2011/12/28 05:49,2011/12/28 00:00,2011/12/30 08:35,1970/01/01 00:00
9523022,169,151,239,205,538847,1371.0,0.072275,0.1,2011/12/28 09:17,2011/12/28 00:00,2012/01/01 08:44,1970/01/01 00:00
9699036,169,151,239,205,1550887,4356.0,0.075745,0.1,2012/01/11 19:54,2012/01/12 00:00,2012/01/15 07:26,1970/01/01 00:00
9513469,169,151,239,205,538847,1827.0,0.072275,0.1,2011/12/28 05:38,2011/12/28 00:00,2012/01/01 08:48,1970/01/01 00:00
9516159,169,151,239,205,538847,3195.0,0.072275,0.1,2011/12/28 06:44,2011/12/28 00:00,2012/01/06 08:45,1970/01/01 00:00
9544570,169,169,239,205,1730702,1650.0,1.0,13.0,2011/12/29 18:02,2011/12/30 00:00,2011/12/31 06:37,1970/01/01 00:00
9632546,169,169,239,205,1730702,660.0,1.0,4.0,2012/01/05 07:40,2012/01/05 00:00,2012/01/21 12:35,1970/01/01 00:00
9808247,169,151,239,205,543475,6873.0,0.072709,6.0,2012/01/24 06:22,2012/01/24 00:00,2012/01/25 08:52,1970/01/01 00:00
9829385,169,169,239,205,543475,1485.0,1.0,11.7,2012/01/25 07:13,2012/01/25 00:00,2012/01/25 11:44,1970/01/01 00:00
9719976,169,100,133,205,559276,894.0,40.663496,220.0,2012/01/14 07:12,1970/01/01 00:00,1970/01/01 00:00,2012/01/20 23:09
9603304,169,100,133,205,559276,819.0,40.245361,200.0,2012/01/02 15:34,2012/01/03 00:00,2012/01/06 13:22,1970/01/01 00:00
9646785,169,100,133,205,559276,822.0,40.135241,200.0,2012/01/06 11:17,2012/01/06 00:00,2012/01/07 14:15,1970/01/01 00:00
9802444,169,151,239,205,1147590,1821.0,0.072587,1.6,2012/01/23 11:41,2012/01/23 00:00,2012/01/24 09:47,1970/01/01 00:00
9514393,169,100,133,205,1733117,2235.0,39.860705,540.0,2011/12/28 06:08,2011/12/28 00:00,2011/12/28 08:18,1970/01/01 00:00
9509672,169,169,239,205,1234551,1650.0,1.0,20.0,2011/12/27 18:01,2011/12/28 00:00,2011/12/30 09:24,1970/01/01 00:00
9509920,169,169,239,205,1234551,1650.0,1.0,13.0,2011/12/27 18:24,2011/12/28 00:00,2012/01/01 09:03,1970/01/01 00:00
9574811,169,151,239,205,554732,22578.0,0.073076,10.0,2011/12/31 10:08,1970/01/01 00:00,1970/01/01 00:00,2012/01/06 22:15
9506204,169,169,239,205,1767547,1650.0,1.0,13.0,2011/12/27 14:03,2011/12/27 00:00,2011/12/30 07:28,1970/01/01 00:00
9611730,169,169,239,205,554789,1320.0,1.0,8.0,2012/01/03 11:38,2012/01/03 00:00,2012/01/03 13:17,1970/01/01 00:00
9641236,169,169,239,205,554789,1320.0,1.0,8.0,2012/01/06 06:51,2012/01/06 00:00,2012/01/06 11:12,1970/01/01 00:00
9691429,169,169,239,205,554789,1320.0,1.0,8.0,2012/01/11 07:21,2012/01/11 00:00,2012/01/11 10:49,1970/01/01 00:00
9754246,169,169,239,205,554789,2640.0,1.0,16.0,2012/01/18 09:01,2012/01/18 00:00,2012/01/18 10:55,1970/01/01 00:00
9810012,169,169,239,205,554789,1452.0,1.0,8.8,2012/01/24 07:46,2012/01/24 00:00,2012/01/24 12:02,1970/01/01 00:00
9493540,169,151,239,205,1767545,2397.0,0.07251,0.1,2011/12/27 06:00,2011/12/27 00:00,2011/12/30 12:03,1970/01/01 00:00
9638766,169,169,239,205,1130742,990.0,1.0,12.0,2012/01/06 03:53,1970/01/01 00:00,1970/01/01 00:00,2012/01/12 22:21
9739116,169,151,239,205,558038,6723.0,0.073631,3.0,2012/01/16 22:00,2012/01/17 00:00,2012/01/18 08:22,1970/01/01 00:00
9844158,169,151,239,205,958922,6852.0,0.072469,6.0,2012/01/25 17:14,1970/01/01 00:00,1970/01/01 00:00,2012/01/30 23:03
9536427,169,169,239,205,958922,2310.0,1.0,28.0,2011/12/29 07:56,2011/12/29 00:00,2011/12/30 09:12,1970/01/01 00:00
9553759,169,151,239,205,958922,3153.0,0.073268,2.8,2011/12/30 08:27,2011/12/30 00:00,2011/12/31 08:29,1970/01/01 00:00
9810435,169,151,239,205,958922,4581.0,0.072595,4.0,2012/01/24 08:07,2012/01/24 00:00,2012/01/25 06:36,1970/01/01 00:00
9844173,169,151,239,205,958922,1371.0,0.072469,1.2,2012/01/25 17:17,2012/01/26 00:00,2012/01/27 06:46,1970/01/01 00:00
9607570,169,169,239,205,558090,7260.0,1.0,44.0,2012/01/03 07:16,2012/01/03 00:00,2012/01/03 08:12,1970/01/01 00:00
9563071,169,151,239,205,534851,2703.0,0.073266,0.1,2011/12/30 14:22,2011/12/31 00:00,2012/01/02 09:58,1970/01/01 00:00
9809860,169,151,239,205,534851,5499.0,0.072595,0.1,2012/01/24 07:38,2012/01/30 00:00,2012/02/03 10:25,1970/01/01 00:00
9532343,169,100,133,205,1732022,1326.0,39.865353,320.54,2011/12/29 04:59,1970/01/01 00:00,1970/01/01 00:00,2012/01/03 22:32
9695778,169,100,133,205,1732022,1650.0,40.646044,406.5,2012/01/11 11:09,2012/01/11 00:00,2012/01/13 07:34,1970/01/01 00:00
9509943,169,151,239,205,972744,2283.0,0.072275,1.0,2011/12/27 18:26,2011/12/28 00:00,2011/12/28 16:10,1970/01/01 00:00
9568156,169,169,239,205,972744,825.0,1.0,5.0,2011/12/31 05:41,2011/12/31 00:00,2011/12/31 11:59,1970/01/01 00:00
9564991,169,151,239,205,1023666,4956.0,0.073266,2.2,2011/12/30 16:26,1970/01/01 00:00,1970/01/01 00:00,2012/01/05 22:04
9587155,169,151,239,205,1023666,4914.0,0.073889,2.2,2012/01/01 09:10,1970/01/01 00:00,1970/01/01 00:00,2012/01/07 22:19
9623923,169,169,239,205,972744,660.0,1.0,4.0,2012/01/04 08:46,2012/01/04 00:00,2012/01/04 10:38,1970/01/01 00:00
9522512,169,169,239,205,1767638,2640.0,1.0,32.0,2011/12/28 09:03,2011/12/28 00:00,2011/12/30 06:29,1970/01/01 00:00
9599479,169,169,239,205,974096,3300.0,1.0,40.0,2012/01/02 09:50,2012/01/02 00:00,2012/01/02 12:50,1970/01/01 00:00
9538186,169,169,239,205,1767638,3135.0,1.0,19.0,2011/12/29 09:11,2011/12/29 00:00,2011/12/31 08:00,1970/01/01 00:00
9589231,169,151,239,205,974530,8934.0,0.073883,8.0,2012/01/01 11:14,2012/01/01 00:00,2012/01/01 13:55,1970/01/01 00:00
9654655,169,151,239,205,974530,8958.0,0.073673,0.0,2012/01/07 08:02,2012/01/07 00:00,2012/01/07 09:39,1970/01/01 00:00
9724407,169,151,239,205,974530,3063.0,0.075409,2.8,2012/01/14 14:41,2012/01/14 00:00,2012/01/16 09:21,1970/01/01 00:00
9762091,169,151,239,205,974530,2706.0,0.074492,2.4,2012/01/19 08:24,2012/01/19 00:00,2012/01/20 06:50,1970/01/01 00:00
9659185,169,169,239,205,1177838,1980.0,1.0,12.0,2012/01/07 14:23,2012/01/07 00:00,2012/01/08 13:21,1970/01/01 00:00
9711465,169,169,239,205,1177838,660.0,1.0,4.0,2012/01/13 08:30,2012/01/13 00:00,2012/01/13 12:52,1970/01/01 00:00
9639966,169,151,239,205,1171863,9012.0,0.073242,8.0,2012/01/06 06:00,2012/01/06 00:00,2012/01/08 07:15,1970/01/01 00:00
9691237,169,151,239,205,1172456,13506.0,0.075747,12.4,2012/01/11 07:13,2012/01/11 00:00,2012/01/13 09:38,1970/01/01 00:00
9713202,169,151,239,205,1177865,2589.0,0.07648,0.1,2012/01/13 10:07,2012/01/13 00:00,2012/01/16 08:04,1970/01/01 00:00
9521387,169,169,239,205,972735,5280.0,1.0,41.6,2011/12/28 08:35,2011/12/28 00:00,2011/12/28 14:52,1970/01/01 00:00
9836917,169,169,239,205,972735,3300.0,1.0,26.0,2012/01/25 09:50,2012/01/25 00:00,2012/01/27 15:15,1970/01/01 00:00
9488519,169,151,239,205,1600966,1830.0,0.072749,0.8,2011/12/26 15:02,1970/01/01 00:00,1970/01/01 00:00,2012/01/01 22:07
9488599,169,151,239,205,1600966,4575.0,0.072749,2.0,2011/12/26 15:08,2011/12/27 00:00,2011/12/28 12:35,1970/01/01 00:00
9617201,169,100,133,205,972769,3291.0,40.112263,800.0,2012/01/04 03:41,1970/01/01 00:00,1970/01/01 00:00,2012/01/09 22:22
9739172,169,100,133,205,972769,2415.0,40.970369,600.0,2012/01/17 02:42,1970/01/01 00:00,1970/01/01 00:00,2012/01/23 23:37
9576559,169,151,239,205,565778,31641.0,0.073075,0.0,2011/12/31 11:42,2011/12/31 00:00,2011/12/31 12:21,1970/01/01 00:00
9581645,169,100,133,205,1599133,1149.0,40.250126,280.0,2011/12/31 20:23,2011/12/31 00:00,2012/01/01 12:23,1970/01/01 00:00
9813803,169,100,133,205,1599133,2919.0,40.679074,720.0,2012/01/24 11:20,2012/01/24 00:00,2012/01/25 08:40,1970/01/01 00:00
9571475,169,151,239,205,1159915,9030.0,0.07308,8.0,2011/12/31 07:47,2011/12/31 00:00,2012/01/01 07:47,1970/01/01 00:00
9599555,169,151,239,205,557245,13395.0,0.073916,12.0,2012/01/02 09:54,1970/01/01 00:00,1970/01/01 00:00,2012/01/08 22:12
9502682,169,169,239,205,557245,6600.0,1.0,80.0,2011/12/27 11:20,2011/12/28 00:00,2011/12/28 09:08,1970/01/01 00:00
9573077,169,151,239,205,552610,13548.0,0.073075,12.0,2011/12/31 08:49,2011/12/31 00:00,2011/12/31 12:42,1970/01/01 00:00
9498347,169,151,239,205,557256,2757.0,0.071951,0.0,2011/12/27 08:36,2011/12/27 00:00,2011/12/27 09:18,1970/01/01 00:00
9578446,169,151,239,205,557256,1353.0,0.0731,0.6,2011/12/31 13:38,2011/12/31 00:00,2012/01/01 07:32,1970/01/01 00:00
9707601,169,151,239,205,557256,4431.0,0.074486,0.0,2012/01/13 05:28,2012/01/13 00:00,2012/01/13 08:26,1970/01/01 00:00
9704186,169,169,239,205,557256,660.0,1.0,4.0,2012/01/12 12:06,2012/01/12 00:00,2012/01/14 07:05,1970/01/01 00:00
9789972,169,169,239,205,557256,990.0,1.0,6.0,2012/01/22 07:15,2012/01/22 00:00,2012/01/25 06:14,1970/01/01 00:00
9801498,169,151,239,205,557256,4545.0,0.072587,2.0,2012/01/23 10:13,2012/01/24 00:00,2012/01/25 07:03,1970/01/01 00:00
9702481,169,100,133,205,539131,2400.0,40.647845,591.24,2012/01/12 08:56,2012/01/12 00:00,2012/01/13 09:25,1970/01/01 00:00
9765489,169,100,133,205,532511,1494.0,40.890998,370.0,2012/01/19 16:30,2012/01/20 00:00,2012/01/20 11:58,1970/01/01 00:00
9764510,169,100,133,205,532511,1290.0,40.890998,320.0,2012/01/19 13:13,2012/01/19 00:00,2012/01/21 07:28,1970/01/01 00:00
9735800,169,174,236,205,545774,1475.61,0.894713,17.6,2012/01/16 09:54,2012/01/16 00:00,2012/01/16 10:22,1970/01/01 00:00
9550397,169,151,239,205,2147153,4518.0,0.073062,2.0,2011/12/30 07:03,2011/12/30 00:00,2012/01/01 07:33,1970/01/01 00:00
9812236,169,151,239,205,2147153,4581.0,0.072538,2.0,2012/01/24 09:46,2012/01/25 00:00,2012/01/27 13:59,1970/01/01 00:00
9642306,169,169,239,205,1171172,1320.0,1.0,10.4,2012/01/06 07:31,2012/01/06 00:00,2012/01/15 07:36,1970/01/01 00:00
9793582,169,151,239,205,1599185,2259.0,0.073047,2.0,2012/01/22 12:14,2012/01/22 00:00,2012/01/24 07:53,1970/01/01 00:00
9803240,169,169,239,205,537736,2970.0,1.0,36.0,2012/01/23 13:06,2012/01/23 00:00,2012/01/24 06:40,1970/01/01 00:00
9485739,169,151,239,205,545838,9147.0,0.072751,4.0,2011/12/26 12:55,1970/01/01 00:00,1970/01/01 00:00,2012/01/01 22:11
9552573,169,151,239,205,545838,5874.0,0.073048,0.0,2011/12/30 07:57,2011/12/30 00:00,2011/12/30 08:56,1970/01/01 00:00
9661810,169,151,239,205,1601107,4461.0,0.073976,2.0,2012/01/08 06:15,1970/01/01 00:00,1970/01/01 00:00,2012/01/14 22:14
9792326,169,151,239,205,537741,6777.0,0.073045,3.0,2012/01/22 10:11,2012/01/24 00:00,2012/01/25 13:28,1970/01/01 00:00
9801337,169,151,239,205,537750,3183.0,0.072587,2.8,2012/01/23 09:59,1970/01/01 00:00,1970/01/01 00:00,2012/01/29 23:12
9522272,169,100,133,205,1219227,2400.0,39.861087,580.0,2011/12/28 08:55,2011/12/28 00:00,2011/12/31 12:14,1970/01/01 00:00
9519541,169,169,239,205,537750,3300.0,1.0,40.0,2011/12/28 07:54,2011/12/28 00:00,2011/12/28 10:04,1970/01/01 00:00
9807618,169,151,239,205,1138623,1833.0,0.072709,1.6,2012/01/24 05:45,2012/01/25 00:00,2012/01/29 08:35,1970/01/01 00:00
9709718,169,169,239,205,545997,1650.0,1.0,10.0,2012/01/13 07:12,2012/01/13 00:00,2012/01/21 07:48,1970/01/01 00:00
9662195,169,169,239,205,1149946,1980.0,1.0,12.0,2012/01/08 06:44,2012/01/08 00:00,2012/01/08 08:29,1970/01/01 00:00
9782760,169,151,239,205,1154022,4972.95,0.073762,0.0,2012/01/21 09:27,2012/01/21 00:00,2012/01/21 09:27,1970/01/01 00:00
9838923,169,169,239,205,1728975,2970.0,1.0,36.0,2012/01/25 10:48,2012/01/25 00:00,2012/01/28 08:30,1970/01/01 00:00
9840151,169,169,239,205,1728975,2970.0,1.0,18.0,2012/01/25 11:47,2012/01/25 00:00,2012/01/30 08:38,1970/01/01 00:00
9543135,169,151,239,205,611922,3198.0,0.072207,2.8,2011/12/29 15:12,1970/01/01 00:00,1970/01/01 00:00,2012/01/03 22:09
9503431,169,169,239,205,1535704,3300.0,1.0,40.0,2011/12/27 11:54,2011/12/27 00:00,2011/12/27 12:43,1970/01/01 00:00
9814544,169,169,239,205,1535704,1650.0,1.0,20.0,2012/01/24 12:05,2012/01/24 00:00,2012/01/25 07:30,1970/01/01 00:00
9542888,169,151,239,205,611922,6855.0,0.072207,6.0,2011/12/29 14:48,1970/01/01 00:00,1970/01/01 00:00,2012/01/03 22:09
9501538,169,151,239,205,611922,5967.0,0.071951,5.2,2011/12/27 10:32,2011/12/27 00:00,2011/12/28 07:27,1970/01/01 00:00
9582533,169,151,239,205,945559,2283.0,0.072302,1.0,2012/01/01 05:16,2012/01/02 00:00,2012/01/03 13:42,1970/01/01 00:00
9638527,169,151,239,205,945559,3576.0,0.073802,1.6,2012/01/05 21:16,2012/01/06 00:00,2012/01/06 14:15,1970/01/01 00:00
9800481,169,169,239,205,945559,1650.0,1.0,13.0,2012/01/23 08:47,2012/01/23 00:00,2012/01/23 11:26,1970/01/01 00:00
9610001,169,169,239,205,1730309,1485.0,1.0,18.0,2012/01/03 09:43,1970/01/01 00:00,1970/01/01 00:00,2012/01/09 22:39
9617453,169,169,239,205,1730309,1320.0,1.0,16.0,2012/01/04 04:22,2012/01/04 00:00,2012/01/13 09:33,1970/01/01 00:00
9503473,169,151,239,205,945636,4590.0,0.071951,0.0,2011/12/27 11:56,2011/12/27 00:00,2011/12/27 12:20,1970/01/01 00:00
9684310,169,151,239,205,945636,6546.0,0.075603,0.0,2012/01/10 14:09,2012/01/11 00:00,2012/01/11 14:06,1970/01/01 00:00
9728678,169,169,239,205,945570,990.0,1.0,12.0,2012/01/15 08:47,2012/01/15 00:00,2012/01/16 11:31,1970/01/01 00:00
9607259,169,169,239,205,546047,3300.0,1.0,40.0,2012/01/03 07:00,2012/01/03 00:00,2012/01/03 12:31,1970/01/01 00:00
9652778,169,169,239,205,546047,990.0,1.0,6.0,2012/01/07 06:19,2012/01/07 00:00,2012/01/08 08:24,1970/01/01 00:00
9807712,169,169,239,205,546047,1980.0,1.0,24.0,2012/01/24 05:54,2012/01/24 00:00,2012/01/25 08:01,1970/01/01 00:00
9602659,169,169,239,205,1542972,2640.0,1.0,16.0,2012/01/02 14:20,2012/01/02 00:00,2012/01/03 07:43,1970/01/01 00:00
9476038,169,169,239,205,1164943,990.0,1.0,12.0,2011/12/26 07:00,2011/12/26 00:00,2011/12/26 08:18,1970/01/01 00:00
9709098,169,169,239,205,1164943,1320.0,1.0,16.0,2012/01/13 06:47,2012/01/13 00:00,2012/01/13 09:28,1970/01/01 00:00
9760282,169,100,133,205,972769,888.0,40.890984,220.0,2012/01/19 06:16,1970/01/01 00:00,1970/01/01 00:00,2012/01/25 23:08
9626489,169,100,133,205,972769,2880.0,40.112263,700.0,2012/01/04 11:05,2012/01/04 00:00,2012/01/07 13:34,1970/01/01 00:00
9726541,169,100,133,205,972769,2082.0,41.200082,520.0,2012/01/15 05:43,2012/01/15 00:00,2012/01/15 13:33,1970/01/01 00:00
9734574,169,100,133,205,972769,2004.0,41.17552,500.0,2012/01/16 07:47,2012/01/17 00:00,2012/01/18 08:19,1970/01/01 00:00
9739215,169,100,133,205,972769,2175.0,40.970369,540.0,2012/01/17 03:18,2012/01/17 00:00,2012/01/20 09:09,1970/01/01 00:00
9595424,169,151,239,205,1601434,3165.0,0.072964,0.1,2012/01/02 06:12,2012/01/02 00:00,2012/01/03 10:14,1970/01/01 00:00
9640370,169,169,239,205,1601434,3300.0,1.0,20.0,2012/01/06 06:16,2012/01/06 00:00,2012/01/07 08:20,1970/01/01 00:00
9689799,169,151,239,205,1601434,1482.0,0.075747,0.1,2012/01/11 06:18,2012/01/11 00:00,2012/01/15 07:29,1970/01/01 00:00
9786071,169,151,239,205,1139443,4539.0,0.07334,2.0,2012/01/21 14:47,2012/01/21 00:00,2012/01/25 07:09,1970/01/01 00:00
9502614,169,151,239,205,1177895,3216.0,0.071951,1.4,2011/12/27 11:17,2011/12/27 00:00,2012/01/01 12:59,1970/01/01 00:00
9496713,169,169,239,205,552533,2541.0,1.0,30.8,2011/12/27 07:41,2011/12/27 00:00,2011/12/27 12:40,1970/01/01 00:00
9728020,169,169,239,205,552533,5280.0,1.0,32.0,2012/01/15 07:46,2012/01/15 00:00,2012/01/15 09:04,1970/01/01 00:00
9799261,169,174,236,205,552533,5007.0,0.889903,59.4,2012/01/23 07:26,2012/01/23 00:00,2012/01/23 09:17,1970/01/01 00:00
9628972,169,169,239,205,1139500,7260.0,1.0,88.0,2012/01/04 16:15,2012/01/06 00:00,2012/01/09 06:19,1970/01/01 00:00
9628973,169,169,239,205,1139500,6600.0,1.0,80.0,2012/01/04 16:15,2012/01/06 00:00,2012/01/09 06:20,1970/01/01 00:00
9790813,169,169,239,205,1139509,1320.0,1.0,16.0,2012/01/22 08:12,1970/01/01 00:00,1970/01/01 00:00,2012/01/28 23:10
9493843,169,169,239,205,1139509,660.0,1.0,8.0,2011/12/27 06:11,2011/12/27 00:00,2011/12/28 07:05,1970/01/01 00:00
9644405,169,169,239,205,1139509,1320.0,1.0,16.0,2012/01/06 09:00,2012/01/06 00:00,2012/01/07 06:37,1970/01/01 00:00
9677030,169,169,239,205,1139509,1650.0,1.0,13.0,2012/01/10 05:05,2012/01/10 00:00,2012/01/11 13:43,1970/01/01 00:00
9738454,169,169,239,205,1139509,2640.0,1.0,32.0,2012/01/16 17:10,2012/01/17 00:00,2012/01/18 06:29,1970/01/01 00:00
9771277,169,169,239,205,1139509,9900.0,1.0,120.0,2012/01/20 08:24,2012/01/20 00:00,2012/01/21 07:19,1970/01/01 00:00
9790884,169,169,239,205,1139509,1320.0,1.0,16.0,2012/01/22 08:17,2012/01/22 00:00,2012/01/23 06:34,1970/01/01 00:00
9806310,169,151,239,205,1717559,4581.0,0.072588,0.1,2012/01/23 21:23,1970/01/01 00:00,1970/01/01 00:00,2012/01/29 23:00
9810727,169,151,239,205,1717559,4125.0,0.072595,0.1,2012/01/24 08:21,1970/01/01 00:00,1970/01/01 00:00,2012/02/01 23:33
9817265,169,151,239,205,1717559,4113.0,0.072538,0.1,2012/01/24 14:51,2012/01/24 00:00,2012/01/29 08:30,1970/01/01 00:00
9637709,169,151,239,205,1086422,2235.0,0.073802,2.0,2012/01/05 17:36,1970/01/01 00:00,1970/01/01 00:00,2012/01/10 22:03
9637747,169,151,239,205,1086422,1341.0,0.073802,1.2,2012/01/05 17:44,2012/01/05 00:00,2012/01/06 11:28,1970/01/01 00:00
9710087,169,169,239,205,1747600,660.0,1.0,5.2,2012/01/13 07:27,2012/01/13 00:00,2012/01/14 13:26,1970/01/01 00:00
9569060,169,151,239,205,1136867,3676.08,0.071816,3.2,2011/12/31 06:23,2011/12/31 00:00,2011/12/31 09:48,1970/01/01 00:00
9568861,169,151,239,205,1136867,3676.08,0.071816,1.6,2011/12/31 06:16,2011/12/31 00:00,2012/01/01 07:39,1970/01/01 00:00
9704128,169,151,239,205,542850,2172.0,0.07593,2.0,2012/01/12 11:59,1970/01/01 00:00,1970/01/01 00:00,2012/01/17 22:05
9704201,169,151,239,205,542850,2172.0,0.07593,0.1,2012/01/12 12:08,2012/01/12 00:00,2012/01/15 07:28,1970/01/01 00:00
9612004,169,151,239,205,1085661,8910.0,0.074071,4.0,2012/01/03 11:59,2012/01/03 00:00,2012/01/03 12:58,1970/01/01 00:00
9611546,169,151,239,205,1085661,8910.0,0.074071,8.0,2012/01/03 11:26,2012/01/03 00:00,2012/01/06 12:17,1970/01/01 00:00
9573664,169,169,239,205,546047,1947.0,1.0,23.6,2011/12/31 09:13,2011/12/31 00:00,2012/01/02 10:30,1970/01/01 00:00
9606904,169,169,239,205,546047,990.0,1.0,12.0,2012/01/03 06:43,2012/01/03 00:00,2012/01/03 11:10,1970/01/01 00:00
9700449,169,151,239,205,965540,4356.0,0.075742,2.0,2012/01/12 06:28,1970/01/01 00:00,1970/01/01 00:00,2012/01/17 22:10
9595367,169,151,239,205,965540,2262.0,0.072964,1.0,2012/01/02 06:10,2012/01/02 00:00,2012/01/03 07:23,1970/01/01 00:00
9702411,169,151,239,205,965540,4356.0,0.075742,0.0,2012/01/12 08:51,2012/01/12 00:00,2012/01/12 08:54,1970/01/01 00:00
9759444,169,151,239,205,965540,2256.0,0.074492,0.0,2012/01/19 04:27,2012/01/19 00:00,2012/01/19 06:14,1970/01/01 00:00
9618662,169,169,239,205,1139791,4290.0,1.0,26.0,2012/01/04 05:55,2012/01/04 00:00,2012/01/06 07:44,1970/01/01 00:00
9708557,169,169,239,205,1139791,13200.0,1.0,80.0,2012/01/13 06:25,2012/01/13 00:00,2012/01/13 12:00,1970/01/01 00:00
9776290,169,169,239,205,1139791,1320.0,1.0,16.0,2012/01/20 14:14,2012/01/21 00:00,2012/01/22 09:40,1970/01/01 00:00
9605565,169,100,133,205,552183,2466.0,40.154932,600.0,2012/01/03 05:09,2012/01/03 00:00,2012/01/03 12:57,1970/01/01 00:00
9475238,169,151,239,205,553569,20487.0,0.07249,18.0,2011/12/26 06:32,2011/12/26 00:00,2011/12/26 12:37,1970/01/01 00:00
9745774,169,169,239,205,965624,1650.0,1.0,10.0,2012/01/17 14:06,1970/01/01 00:00,1970/01/01 00:00,2012/01/23 23:25
9508997,169,169,239,205,965624,1650.0,1.0,20.0,2011/12/27 16:59,2011/12/27 00:00,2011/12/31 13:05,1970/01/01 00:00
9641407,169,169,239,205,965624,990.0,1.0,12.0,2012/01/06 06:57,2012/01/06 00:00,2012/01/07 08:28,1970/01/01 00:00
9584731,169,169,239,205,1139498,7590.0,1.0,92.0,2012/01/01 07:14,1970/01/01 00:00,1970/01/01 00:00,2012/01/07 22:23
9672114,169,169,239,205,1139498,6270.0,1.0,76.0,2012/01/09 09:57,2012/01/09 00:00,2012/01/10 08:54,1970/01/01 00:00
9499743,169,169,239,205,1219234,3300.0,1.0,40.0,2011/12/27 09:23,2011/12/28 00:00,2011/12/30 07:21,1970/01/01 00:00
9493270,169,169,239,205,941842,13200.0,1.0,80.0,2011/12/27 05:45,2011/12/27 00:00,2011/12/30 13:36,1970/01/01 00:00
9578913,169,100,133,205,1116954,1641.0,40.250126,400.0,2011/12/31 14:08,2011/12/31 00:00,2012/01/02 11:19,1970/01/01 00:00
9530658,169,151,239,205,966190,1827.0,0.072275,1.6,2011/12/28 16:50,2011/12/29 00:00,2011/12/31 10:12,1970/01/01 00:00
9756440,169,169,239,205,571978,4950.0,1.0,60.0,2012/01/18 11:37,2012/01/18 00:00,2012/01/20 11:01,1970/01/01 00:00
9589712,169,169,239,205,1139023,990.0,1.0,7.8,2012/01/01 11:46,2012/01/01 00:00,2012/01/11 09:18,1970/01/01 00:00
9478463,169,151,239,205,966226,3180.0,0.072752,1.4,2011/12/26 08:23,2011/12/26 00:00,2011/12/28 13:25,1970/01/01 00:00
9780194,169,100,133,205,1219379,8106.0,40.715597,2000.0,2012/01/21 06:42,1970/01/01 00:00,1970/01/01 00:00,2012/01/27 23:26
9527585,169,151,239,205,966267,2283.0,0.072275,1.0,2011/12/28 12:22,2011/12/28 00:00,2011/12/30 10:14,1970/01/01 00:00
9498584,169,151,239,205,1219452,7809.0,0.071951,3.4,2011/12/27 08:44,1970/01/01 00:00,1970/01/01 00:00,2012/01/03 22:38
9499443,169,151,239,205,1219452,7809.0,0.071951,0.0,2011/12/27 09:13,2011/12/27 00:00,2011/12/27 09:58,1970/01/01 00:00
9680335,169,151,239,205,1219452,4422.0,0.074636,0.0,2012/01/10 08:58,2012/01/11 00:00,2012/01/11 06:59,1970/01/01 00:00
9658026,169,169,239,205,611995,1320.0,1.0,16.0,2012/01/07 12:17,1970/01/01 00:00,1970/01/01 00:00,2012/01/13 22:05
9799158,169,151,239,205,552533,4527.0,0.072909,4.0,2012/01/23 07:20,2012/01/23 00:00,2012/01/23 09:37,1970/01/01 00:00
9774101,169,174,236,205,552533,639.0,0.87951,7.48,2012/01/20 11:10,2012/01/20 00:00,2012/02/05 08:23,1970/01/01 00:00
9616990,169,151,239,205,1201588,1338.0,0.074069,0.6,2012/01/03 21:34,2012/01/05 00:00,2012/01/06 07:50,1970/01/01 00:00
9728442,169,151,239,205,1201552,4425.0,0.074823,4.0,2012/01/15 08:23,1970/01/01 00:00,1970/01/01 00:00,2012/01/21 23:07
9763316,169,151,239,205,1201552,4059.0,0.074492,0.0,2012/01/19 10:16,2012/01/19 00:00,2012/01/19 11:29,1970/01/01 00:00
9618212,169,169,239,205,1139525,1650.0,1.0,20.0,2012/01/04 05:26,2012/01/04 00:00,2012/01/06 07:09,1970/01/01 00:00
9658371,169,100,133,205,1135331,9954.0,40.772145,2460.0,2012/01/07 12:54,2012/01/07 00:00,2012/01/08 07:16,1970/01/01 00:00
9521533,169,169,239,205,1755054,990.0,1.0,12.0,2011/12/28 08:38,2011/12/28 00:00,2011/12/30 12:42,1970/01/01 00:00
9551221,169,169,239,205,538152,660.0,1.0,4.0,2011/12/30 07:23,1970/01/01 00:00,1970/01/01 00:00,2012/01/05 22:28
9498407,169,169,239,205,538152,1320.0,1.0,10.4,2011/12/27 08:38,2011/12/28 00:00,2011/12/30 16:28,1970/01/01 00:00
9646182,169,151,239,205,604552,1761.0,0.074923,1.6,2012/01/06 10:31,2012/01/06 00:00,2012/01/07 12:52,1970/01/01 00:00
9656116,169,169,239,205,604552,660.0,1.0,8.0,2012/01/07 09:44,2012/01/07 00:00,2012/01/08 11:29,1970/01/01 00:00
9602519,169,151,239,205,538152,1785.0,0.073916,1.6,2012/01/02 14:05,2012/01/02 00:00,2012/01/06 06:40,1970/01/01 00:00
9811551,169,151,239,205,1141715,1374.0,0.072595,0.0,2012/01/24 09:05,1970/01/01 00:00,1970/01/01 00:00,2012/01/31 12:42
9617055,169,151,239,205,534056,5367.0,0.073803,2.4,2012/01/04 00:22,1970/01/01 00:00,1970/01/01 00:00,2012/01/09 22:23
9628433,169,151,239,205,534056,4470.0,0.073803,0.0,2012/01/04 14:35,2012/01/04 00:00,2012/01/04 15:32,1970/01/01 00:00
9634177,169,151,239,205,1755504,2682.0,0.073802,2.4,2012/01/05 09:27,2012/01/05 00:00,2012/01/07 11:40,1970/01/01 00:00
9589756,169,151,239,205,1755538,894.0,0.073883,0.1,2012/01/01 11:48,2012/01/01 00:00,2012/01/03 10:17,1970/01/01 00:00
9540088,169,169,239,205,951284,4950.0,1.0,60.0,2011/12/29 10:51,2011/12/29 00:00,2011/12/30 10:19,1970/01/01 00:00
9707693,169,169,239,205,951284,2310.0,1.0,28.0,2012/01/13 05:38,2012/01/13 00:00,2012/01/14 09:58,1970/01/01 00:00
9752694,169,169,239,205,951284,660.0,1.0,5.2,2012/01/18 07:46,2012/01/18 00:00,2012/01/20 09:40,1970/01/01 00:00
9497012,169,100,133,205,1141740,915.0,39.731059,220.0,2011/12/27 07:50,1970/01/01 00:00,1970/01/01 00:00,2012/01/03 22:42
9496688,169,100,133,205,1141740,2157.0,39.731059,519.68,2011/12/27 07:40,2011/12/27 00:00,2011/12/31 13:56,1970/01/01 00:00
9646350,169,169,239,205,534076,1980.0,1.0,12.0,2012/01/06 10:43,2012/01/06 00:00,2012/01/07 13:12,1970/01/01 00:00
9591396,169,100,133,205,1141740,1230.0,40.256529,300.0,2012/01/01 13:59,2012/01/01 00:00,2012/01/02 07:20,1970/01/01 00:00
9570984,169,169,239,205,1154792,1320.0,1.0,8.0,2011/12/31 07:30,2011/12/31 00:00,2012/01/01 07:26,1970/01/01 00:00
9612430,169,151,239,205,1154792,14703.0,0.074071,0.0,2012/01/03 12:32,2012/01/04 00:00,2012/01/04 06:16,1970/01/01 00:00
9720134,169,100,133,205,975393,3246.0,40.663496,800.0,2012/01/14 07:20,2012/01/14 00:00,2012/01/16 06:30,1970/01/01 00:00
9805000,169,100,133,205,975393,600.0,40.657466,147.84,2012/01/23 16:28,2012/01/23 00:00,2012/01/24 12:19,1970/01/01 00:00
9814419,169,151,239,205,565778,17304.0,0.072538,0.0,2012/01/24 11:57,2012/01/24 00:00,2012/01/24 12:06,1970/01/01 00:00
9528859,169,151,239,205,959383,2739.0,0.072275,2.4,2011/12/28 13:46,1970/01/01 00:00,1970/01/01 00:00,2012/01/02 22:08
9528708,169,151,239,205,959383,3195.0,0.072275,2.8,2011/12/28 13:35,1970/01/01 00:00,1970/01/01 00:00,2012/01/02 22:08
9558030,169,151,239,205,959383,2703.0,0.073266,2.4,2011/12/30 10:38,2011/12/30 00:00,2012/01/01 09:21,1970/01/01 00:00
9628977,169,169,239,205,959383,990.0,1.0,12.0,2012/01/04 16:16,2012/01/04 00:00,2012/01/06 06:53,1970/01/01 00:00
9764727,169,169,239,205,959383,1650.0,1.0,20.0,2012/01/19 13:55,2012/01/19 00:00,2012/01/21 07:21,1970/01/01 00:00
9822538,169,169,239,205,959383,1650.0,1.0,20.0,2012/01/25 04:15,2012/01/25 00:00,2012/01/27 07:37,1970/01/01 00:00
9559774,169,100,133,205,1756190,4431.0,40.967773,1100.0,2011/12/30 11:45,2011/12/30 00:00,2011/12/31 12:13,1970/01/01 00:00
9593863,169,100,133,205,1756190,6804.0,40.256529,1660.0,2012/01/01 19:49,2012/01/02 00:00,2012/01/02 11:43,1970/01/01 00:00
9593277,169,100,133,205,1756190,5328.0,40.256529,1300.0,2012/01/01 17:52,2012/01/02 00:00,2012/01/03 10:32,1970/01/01 00:00
9604718,169,100,133,205,1756190,738.0,40.245361,180.0,2012/01/02 19:52,2012/01/03 00:00,2012/01/03 13:11,1970/01/01 00:00
9650818,169,100,133,205,1756190,4857.0,40.764919,1200.0,2012/01/06 18:21,2012/01/07 00:00,2012/01/07 08:53,1970/01/01 00:00
9638391,169,100,133,205,1756190,669.0,40.112263,163.0,2012/01/05 19:57,2012/01/06 00:00,2012/01/08 09:00,1970/01/01 00:00
9684163,169,100,133,205,1756190,1785.0,40.677918,440.0,2012/01/10 13:57,2012/01/10 00:00,2012/01/11 08:29,1970/01/01 00:00
9738861,169,100,133,205,1756190,12474.0,41.000785,3100.0,2012/01/16 18:52,2012/01/17 00:00,2012/01/17 09:00,1970/01/01 00:00
9787113,169,100,133,205,1756190,3261.0,40.492018,800.0,2012/01/21 17:58,2012/01/22 00:00,2012/01/22 08:41,1970/01/01 00:00
9664169,169,169,239,205,1160356,6600.0,1.0,80.0,2012/01/08 09:18,2012/01/08 00:00,2012/01/10 08:20,1970/01/01 00:00
9764592,169,100,133,205,1757676,1089.0,40.890998,270.0,2012/01/19 13:30,2012/01/19 00:00,1970/01/01 00:00,1970/01/01 00:00
9681837,169,151,239,205,615203,2181.0,0.075605,1.0,2012/01/10 10:56,2012/01/10 00:00,2012/01/11 08:46,1970/01/01 00:00
9633207,169,169,239,205,544852,660.0,1.0,4.0,2012/01/05 08:19,1970/01/01 00:00,1970/01/01 00:00,2012/01/10 22:11
9663784,169,169,239,205,544852,660.0,1.0,4.0,2012/01/08 08:48,1970/01/01 00:00,1970/01/01 00:00,2012/01/14 22:11
9616322,169,151,239,205,544852,1338.0,0.074069,0.6,2012/01/03 18:41,2012/01/04 00:00,2012/01/08 10:42,1970/01/01 00:00
9661525,169,151,239,205,544852,1785.0,0.073976,1.6,2012/01/08 05:45,2012/01/08 00:00,2012/01/09 07:37,1970/01/01 00:00
9724275,169,151,239,205,544852,56889.0,0.075409,26.0,2012/01/14 14:21,2012/01/14 00:00,2012/01/15 11:25,1970/01/01 00:00
9529156,169,151,239,205,975677,4566.0,0.072275,2.0,2011/12/28 14:09,2011/12/29 00:00,2011/12/31 06:48,1970/01/01 00:00
9685452,169,169,239,205,1005843,3300.0,1.0,20.0,2012/01/10 15:45,2012/01/10 00:00,2012/01/13 07:13,1970/01/01 00:00
9631846,169,151,239,205,542178,4560.0,0.073803,0.1,2012/01/05 06:58,2012/01/06 00:00,2012/01/07 08:59,1970/01/01 00:00
9705314,169,151,239,205,1160601,1305.0,0.07593,0.1,2012/01/12 15:28,2012/01/13 00:00,2012/01/15 07:26,1970/01/01 00:00
9547362,169,169,239,205,1005882,1650.0,1.0,10.0,2011/12/30 05:27,2011/12/30 00:00,2011/12/30 13:20,1970/01/01 00:00
9723295,169,100,133,205,1618528,6600.0,41.216052,1648.64,2012/01/14 12:16,2012/01/14 00:00,2012/01/15 10:38,1970/01/01 00:00
9620944,169,151,239,205,1160558,2235.69,0.073803,2.0,2012/01/04 07:11,2012/01/04 00:00,2012/01/04 08:42,1970/01/01 00:00
9561486,169,100,133,205,552031,807.0,40.966579,200.0,2011/12/30 13:01,2011/12/30 00:00,2012/01/01 07:27,1970/01/01 00:00
9482805,169,169,239,205,552324,3300.0,1.0,20.0,2011/12/26 10:56,2011/12/26 00:00,2012/01/07 10:32,1970/01/01 00:00
9532743,169,151,239,205,1151643,3654.0,0.072275,3.2,2011/12/29 05:25,2011/12/29 00:00,2011/12/31 06:22,1970/01/01 00:00
9806920,169,100,133,205,1139677,2994.0,40.679077,738.0,2012/01/24 04:31,2012/01/24 00:00,2012/01/27 11:10,1970/01/01 00:00
9826569,169,100,133,205,1139677,3297.0,40.63371,812.0,2012/01/25 06:18,2012/01/25 00:00,2012/01/27 11:11,1970/01/01 00:00
9550769,169,100,133,205,552715,1656.0,39.867608,400.0,2011/12/30 07:12,2011/12/30 00:00,2012/01/08 12:44,1970/01/01 00:00
9647017,169,169,239,205,1139534,990.0,1.0,6.0,2012/01/06 11:32,2012/01/06 00:00,2012/01/14 11:55,1970/01/01 00:00
9657049,169,174,236,205,1186839,1212.0,0.871544,14.08,2012/01/07 10:48,2012/01/07 00:00,2012/01/09 07:24,1970/01/01 00:00
9652366,169,169,239,205,1186780,660.0,1.0,4.0,2012/01/07 05:54,2012/01/07 00:00,2012/01/07 10:21,1970/01/01 00:00
9841195,169,151,239,205,959431,4569.0,0.072469,2.0,2012/01/25 12:57,2012/01/25 00:00,2012/01/27 12:13,1970/01/01 00:00
9683336,169,169,239,205,544945,2310.0,1.0,14.0,2012/01/10 12:55,2012/01/10 00:00,2012/01/13 10:37,1970/01/01 00:00
9503775,169,169,239,205,544947,1650.0,1.0,13.0,2011/12/27 12:10,2011/12/27 00:00,2011/12/30 09:04,1970/01/01 00:00
9556530,169,151,239,205,554848,3153.0,0.073268,0.1,2011/12/30 09:46,2011/12/30 00:00,2012/01/01 08:44,1970/01/01 00:00
9776024,169,100,133,205,572012,1614.0,40.865145,400.0,2012/01/20 13:49,2012/01/20 00:00,2012/01/22 07:30,1970/01/01 00:00
9531804,169,174,236,205,572085,798.0,0.86081,8.8,2011/12/28 20:05,1970/01/01 00:00,1970/01/01 00:00,2012/01/02 22:00
9544963,169,100,133,205,572085,4836.0,38.890371,1140.0,2011/12/29 18:46,2011/12/30 00:00,2011/12/31 14:22,1970/01/01 00:00
9564297,169,100,133,205,572085,3222.0,40.966579,800.0,2011/12/30 15:28,2012/01/01 00:00,2012/01/02 08:25,1970/01/01 00:00
9649778,169,100,133,205,572085,2025.0,40.764919,500.0,2012/01/06 15:36,2012/01/07 00:00,2012/01/08 06:59,1970/01/01 00:00
9698375,169,174,236,205,572085,1131.0,0.875363,13.2,2012/01/11 17:02,2012/01/12 00:00,2012/01/13 08:56,1970/01/01 00:00
9721580,169,100,133,205,572085,729.0,40.663496,180.0,2012/01/14 09:17,2012/01/14 00:00,2012/01/14 11:30,1970/01/01 00:00
9756417,169,174,236,205,572085,741.0,0.890189,8.8,2012/01/18 11:35,2012/01/18 00:00,2012/01/20 05:42,1970/01/01 00:00
9826488,169,100,133,205,572085,1299.0,40.63371,320.0,2012/01/25 06:16,2012/01/25 00:00,2012/01/27 06:44,1970/01/01 00:00
9527937,169,169,239,205,959322,3300.0,1.0,40.0,2011/12/28 12:44,2011/12/28 00:00,2011/12/31 06:32,1970/01/01 00:00
9535744,169,169,239,205,959322,1650.0,1.0,20.0,2011/12/29 07:30,2011/12/29 00:00,2012/01/01 08:58,1970/01/01 00:00
10712018,169,100,133,205,584305,2421.0,42.252933,620.0,2012/04/12 07:27,1970/01/01 00:00,1970/01/01 00:00,2012/04/17 23:12
10722005,169,100,133,205,584305,9564.0,42.273833,2450.0,2012/04/13 08:23,1970/01/01 00:00,1970/01/01 00:00,2012/04/19 23:14
10558085,169,100,133,205,584305,642.0,42.221614,164.0,2012/03/28 08:37,2012/03/28 00:00,2012/03/30 09:25,1970/01/01 00:00
10571953,169,100,133,205,584305,2073.0,42.155561,530.0,2012/03/30 05:54,2012/03/30 00:00,2012/03/30 11:56,1970/01/01 00:00
10665472,169,100,133,205,584305,1440.0,41.276885,360.0,2012/04/07 07:45,2012/04/07 00:00,2012/04/07 11:06,1970/01/01 00:00
10722053,169,100,133,205,584305,9564.0,42.273833,2450.0,2012/04/13 08:25,2012/04/13 00:00,2012/04/14 09:24,1970/01/01 00:00
10753690,169,100,133,205,584305,2832.0,41.93688,720.0,2012/04/17 07:10,2012/04/17 00:00,2012/04/17 08:12,1970/01/01 00:00
10767215,169,100,133,205,584305,1101.0,41.950508,280.0,2012/04/18 10:06,2012/04/18 00:00,2012/04/21 08:12,1970/01/01 00:00
10796205,169,100,133,205,584305,4653.0,42.554991,1200.0,2012/04/21 14:29,2012/04/21 00:00,2012/04/22 07:42,1970/01/01 00:00
10823550,169,151,239,205,1585515,6459.0,0.061306,4.8,2012/04/24 09:46,2012/04/24 00:00,2012/04/25 08:20,1970/01/01 00:00
10612239,169,174,236,205,552958,6600.51,0.701244,59.84,2012/04/02 10:28,2012/04/02 00:00,2012/04/02 12:56,1970/01/01 00:00
10795187,169,100,133,205,584305,1551.0,42.554991,400.0,2012/04/21 12:40,2012/04/21 00:00,2012/04/22 08:51,1970/01/01 00:00
10853419,169,100,133,205,584305,3033.0,43.500004,800.0,2012/04/25 17:32,2012/04/26 00:00,2012/04/27 13:06,1970/01/01 00:00
10560799,169,169,239,205,2139965,990.0,1.0,12.0,2012/03/28 11:49,1970/01/01 00:00,1970/01/01 00:00,2012/04/02 23:06
10716438,169,151,239,205,2139965,2778.0,0.060686,2.0,2012/04/12 16:04,1970/01/01 00:00,1970/01/01 00:00,2012/04/17 23:04
10734623,169,178,239,205,2139965,1674.0,0.0,0.0,2012/04/14 09:54,1970/01/01 00:00,1970/01/01 00:00,2012/04/20 23:08
10584473,169,169,239,205,2139965,2970.0,1.0,23.4,2012/03/31 04:56,2012/03/31 00:00,2012/03/31 14:35,1970/01/01 00:00
10728291,169,151,239,205,2139965,3891.0,0.060618,1.4,2012/04/13 18:03,2012/04/14 00:00,2012/04/14 08:18,1970/01/01 00:00
10722412,169,169,239,205,2139965,1650.0,1.0,20.0,2012/04/13 08:47,2012/04/13 00:00,2012/04/15 12:35,1970/01/01 00:00
10734651,169,151,239,205,2139965,1674.0,0.060661,1.2,2012/04/14 09:55,2012/04/14 00:00,2012/04/25 09:53,1970/01/01 00:00
10781352,169,151,239,205,2139965,2718.0,0.060833,2.0,2012/04/20 07:40,2012/04/22 00:00,2012/04/29 11:50,1970/01/01 00:00
10824012,169,169,239,205,2139965,1650.0,1.0,20.0,2012/04/24 10:14,2012/04/25 00:00,2012/06/05 11:22,1970/01/01 00:00
10754895,169,151,239,205,991294,3855.0,0.059924,1.4,2012/04/17 08:53,2012/04/17 00:00,2012/04/18 06:57,1970/01/01 00:00
10757293,169,151,239,205,991294,2754.0,0.059924,1.0,2012/04/17 12:56,2012/04/17 00:00,2012/04/18 08:20,1970/01/01 00:00
9688811,169,169,239,205,942001,3300.0,1.0,20.0,2012/01/11 05:25,2012/01/11 00:00,2012/01/11 07:32,1970/01/01 00:00
9765566,169,169,239,205,1145725,660.0,1.0,4.0,2012/01/19 16:46,2012/01/19 00:00,2012/01/20 07:50,1970/01/01 00:00
9603189,169,151,239,205,1138939,1338.0,0.073916,1.2,2012/01/02 15:20,2012/01/03 00:00,2012/01/04 08:14,1970/01/01 00:00
9834701,169,169,239,205,1138939,660.0,1.0,4.0,2012/01/25 09:02,2012/01/25 00:00,2012/01/27 09:17,1970/01/01 00:00
9494722,169,151,239,205,612004,4611.0,0.07251,4.0,2011/12/27 06:40,2011/12/27 00:00,2011/12/27 10:15,1970/01/01 00:00
9617616,169,100,133,205,611972,3372.0,40.112263,820.0,2012/01/04 04:40,2012/01/04 00:00,2012/01/04 07:36,1970/01/01 00:00
9688395,169,100,133,205,611972,990.0,40.645995,244.0,2012/01/11 04:55,2012/01/11 00:00,2012/01/11 07:52,1970/01/01 00:00
9531340,169,151,239,205,1145750,1827.0,0.072275,0.8,2011/12/28 18:30,2011/12/29 00:00,2011/12/30 09:23,1970/01/01 00:00
9637392,169,151,239,205,1145750,1788.0,0.073802,1.6,2012/01/05 16:40,2012/01/06 00:00,2012/01/06 10:13,1970/01/01 00:00
9664945,169,151,239,205,1145750,4461.0,0.073976,4.0,2012/01/08 10:28,2012/01/08 00:00,2012/01/09 08:41,1970/01/01 00:00
9757805,169,151,239,205,1145750,1803.0,0.074509,0.8,2012/01/18 14:45,2012/01/18 00:00,2012/01/20 07:09,1970/01/01 00:00
9796289,169,151,239,205,1145750,4539.0,0.073343,4.0,2012/01/22 18:21,2012/01/23 00:00,2012/01/24 08:31,1970/01/01 00:00
9806124,169,151,239,205,1145750,9165.0,0.072588,4.0,2012/01/23 19:45,2012/01/24 00:00,2012/01/25 08:02,1970/01/01 00:00
9845362,169,100,133,205,559594,1461.0,40.633712,360.0,2012/01/25 20:40,2012/01/27 00:00,2012/01/29 11:21,1970/01/01 00:00
9625683,169,169,239,205,553521,3300.0,1.0,20.0,2012/01/04 10:12,1970/01/01 00:00,1970/01/01 00:00,2012/01/09 22:09
9622534,169,169,239,205,553521,3300.0,1.0,40.0,2012/01/04 07:58,1970/01/01 00:00,1970/01/01 00:00,2012/01/09 22:14
9623313,169,169,239,205,553521,3300.0,1.0,20.0,2012/01/04 08:25,2012/01/04 00:00,2012/01/14 10:47,1970/01/01 00:00
9838732,169,169,239,205,553521,4620.0,1.0,28.0,2012/01/25 10:41,2012/01/25 00:00,2012/01/28 07:49,1970/01/01 00:00
9514032,169,151,239,205,559644,6393.0,0.072275,2.8,2011/12/28 05:59,2011/12/28 00:00,2011/12/28 10:43,1970/01/01 00:00
9538794,169,151,239,205,559644,1827.0,0.072207,0.8,2011/12/29 09:39,2011/12/29 00:00,2012/01/05 09:29,1970/01/01 00:00
9623692,169,169,239,205,1116897,2640.0,1.0,32.0,2012/01/04 08:38,2012/01/05 00:00,2012/01/06 11:30,1970/01/01 00:00
9501651,169,169,239,205,612031,5940.0,1.0,36.0,2011/12/27 10:38,2011/12/27 00:00,2011/12/28 06:45,1970/01/01 00:00
9659430,169,169,239,205,612031,1320.0,1.0,16.0,2012/01/07 14:55,2012/01/07 00:00,2012/01/09 09:05,1970/01/01 00:00
9669402,169,169,239,205,612031,1650.0,1.0,20.0,2012/01/09 06:13,2012/01/09 00:00,2012/01/11 06:11,1970/01/01 00:00
9563686,169,169,239,205,553585,1650.0,1.0,20.0,2011/12/30 14:52,2011/12/30 00:00,2011/12/31 09:18,1970/01/01 00:00
9717386,169,169,239,205,612031,1650.0,1.0,10.0,2012/01/13 18:02,2012/01/14 00:00,2012/01/16 06:42,1970/01/01 00:00
9638332,169,151,239,205,559612,1788.0,0.073802,1.6,2012/01/05 19:38,2012/01/07 00:00,2012/01/07 11:03,1970/01/01 00:00
9733469,169,151,239,205,559612,1785.0,0.074562,1.6,2012/01/16 06:21,2012/01/16 00:00,2012/01/16 10:38,1970/01/01 00:00
9737459,169,151,239,205,559612,897.0,0.073631,0.1,2012/01/16 13:42,2012/01/16 00:00,2012/01/20 07:47,1970/01/01 00:00
9823445,169,151,239,205,1560736,7767.0,0.072469,6.8,2012/01/25 04:53,1970/01/01 00:00,1970/01/01 00:00,2012/01/31 23:48
9532377,169,169,239,205,1560736,4950.0,1.0,60.0,2011/12/29 05:01,2011/12/29 00:00,2012/01/01 08:13,1970/01/01 00:00
9491563,169,151,239,205,1560736,1377.0,0.07251,0.6,2011/12/27 02:25,2011/12/27 00:00,2012/01/04 06:52,1970/01/01 00:00
9725668,169,151,239,205,553594,2196.0,0.075312,2.0,2012/01/14 19:46,2012/01/16 00:00,2012/01/21 06:16,1970/01/01 00:00
9519850,169,169,239,205,1160206,1155.0,1.0,9.1,2011/12/28 08:01,2011/12/28 00:00,2011/12/31 07:12,1970/01/01 00:00
9700575,169,151,239,205,552124,1308.0,0.075742,0.6,2012/01/12 06:37,2012/01/12 00:00,2012/01/12 11:09,1970/01/01 00:00
9725083,169,169,239,205,552147,2310.0,1.0,28.0,2012/01/14 16:52,2012/01/15 00:00,2012/01/17 06:36,1970/01/01 00:00
9492042,169,169,239,205,965606,1320.0,1.0,8.0,2011/12/27 04:14,2011/12/27 00:00,2011/12/28 06:50,1970/01/01 00:00
9793133,169,151,239,205,1563428,1356.0,0.073045,1.2,2012/01/22 11:27,2012/01/22 00:00,2012/01/23 14:06,1970/01/01 00:00
9653361,169,169,239,205,1151752,3300.0,1.0,20.0,2012/01/07 06:52,2012/01/07 00:00,2012/01/07 10:18,1970/01/01 00:00
9686499,169,169,239,205,1146954,1650.0,1.0,10.0,2012/01/10 17:40,2012/01/11 00:00,2012/01/11 08:00,1970/01/01 00:00
9695900,169,169,239,205,1146954,16500.0,1.0,130.0,2012/01/11 11:18,2012/01/11 00:00,2012/01/11 15:42,1970/01/01 00:00
9674912,169,169,239,205,1146954,4950.0,1.0,39.0,2012/01/09 15:24,2012/01/09 00:00,2012/01/11 16:42,1970/01/01 00:00
9765222,169,151,239,205,553869,7668.0,0.074492,6.8,2012/01/19 15:37,2012/01/19 00:00,2012/01/20 13:09,1970/01/01 00:00
9704089,169,100,133,205,550618,1746.0,40.647845,430.0,2012/01/12 11:51,1970/01/01 00:00,1970/01/01 00:00,2012/01/17 22:05
9798841,169,151,239,205,1563487,4077.0,0.07287,0.1,2012/01/23 07:01,2012/01/24 00:00,2012/01/29 08:46,1970/01/01 00:00
9548540,169,100,133,205,1177377,810.0,39.55404,194.0,2011/12/30 06:14,2011/12/30 00:00,2011/12/31 11:58,1970/01/01 00:00
9656624,169,100,133,205,1177377,5100.0,40.772145,1260.0,2012/01/07 10:14,2012/01/07 00:00,2012/01/08 08:03,1970/01/01 00:00
9670883,169,100,133,205,1177377,1800.0,40.741654,444.46,2012/01/09 08:03,2012/01/09 00:00,2012/01/10 08:58,1970/01/01 00:00
9789667,169,100,133,205,1177377,990.0,40.529767,243.18,2012/01/22 06:58,2012/01/22 00:00,2012/01/23 11:51,1970/01/01 00:00
9728499,169,151,239,205,1177379,2211.0,0.074823,2.0,2012/01/15 08:30,2012/01/18 00:00,2012/01/20 14:29,1970/01/01 00:00
9834564,169,169,239,205,951986,3300.0,1.0,20.0,2012/01/25 08:58,1970/01/01 00:00,1970/01/01 00:00,2012/01/30 23:26
9842129,169,169,239,205,951986,3300.0,1.0,20.0,2012/01/25 14:06,2012/01/25 00:00,2012/02/03 09:36,1970/01/01 00:00
9579373,169,100,133,205,1138898,5700.0,40.250126,1390.46,2011/12/31 14:40,2011/12/31 00:00,2012/02/03 12:03,1970/01/01 00:00
9718084,169,151,239,205,1138891,4398.0,0.075034,2.0,2012/01/14 03:55,2012/01/14 00:00,2012/01/15 10:32,1970/01/01 00:00
10602940,169,169,239,205,1072057,1650.0,1.0,20.0,2012/04/01 12:14,2012/04/01 00:00,1970/01/01 00:00,1970/01/01 00:00
10752561,169,100,133,205,992414,786.0,41.93688,200.0,2012/04/17 05:28,1970/01/01 00:00,1970/01/01 00:00,2012/04/23 23:30
10722192,169,169,239,205,582817,3300.0,1.0,40.0,2012/04/13 08:33,2012/04/13 00:00,2012/04/28 06:45,1970/01/01 00:00
10686793,169,151,239,205,605647,4401.0,0.060702,0.0,2012/04/09 13:45,2012/04/12 00:00,2012/04/12 07:38,1970/01/01 00:00
10714859,169,151,239,205,605647,5559.0,0.060686,4.0,2012/04/12 11:28,2012/04/12 00:00,2012/04/13 06:49,1970/01/01 00:00
10805482,169,151,239,205,605647,2718.0,0.060678,1.0,2012/04/22 14:28,2012/04/22 00:00,2012/04/23 08:06,1970/01/01 00:00
10683614,169,169,239,205,1177697,1650.0,1.0,13.0,2012/04/09 08:10,2012/04/09 00:00,2012/04/11 09:38,1970/01/01 00:00
10812723,169,169,239,205,1177697,1650.0,1.0,13.0,2012/04/23 10:57,2012/04/23 00:00,2012/04/23 16:32,1970/01/01 00:00
10736555,169,100,133,205,621405,6000.0,42.270767,1537.12,2012/04/14 12:09,2012/04/14 00:00,2012/04/15 09:03,1970/01/01 00:00
9592251,169,151,239,205,966183,2235.0,0.073865,2.0,2012/01/01 15:25,1970/01/01 00:00,1970/01/01 00:00,2012/01/07 22:07
9649712,169,151,239,205,966183,1317.0,0.075156,0.6,2012/01/06 15:28,2012/01/06 00:00,2012/01/09 07:54,1970/01/01 00:00
9499692,169,169,239,205,1219234,5610.0,1.0,68.0,2011/12/27 09:21,2011/12/28 00:00,2011/12/30 07:11,1970/01/01 00:00
9489904,169,169,239,205,1219234,3630.0,1.0,44.0,2011/12/26 16:43,2011/12/27 00:00,2011/12/30 07:17,1970/01/01 00:00
9557268,169,169,239,205,958929,660.0,1.0,8.0,2011/12/30 10:12,2011/12/31 00:00,2011/12/31 10:15,1970/01/01 00:00
9538164,169,169,239,205,1567365,660.0,1.0,4.0,2011/12/29 09:10,2011/12/29 00:00,2011/12/30 13:08,1970/01/01 00:00
9683078,169,169,239,205,1551160,3300.0,1.0,20.0,2012/01/10 12:35,2012/01/10 00:00,2012/01/11 07:15,1970/01/01 00:00
9801613,169,151,239,205,565928,4545.0,0.072587,4.0,2012/01/23 10:25,1970/01/01 00:00,1970/01/01 00:00,2012/01/29 23:11
9572758,169,100,133,205,1551221,7380.0,40.249987,1800.0,2011/12/31 08:36,2011/12/31 00:00,2012/01/01 09:32,1970/01/01 00:00
9799424,169,100,133,205,1551221,1140.0,40.561578,280.0,2012/01/23 07:37,2012/01/23 00:00,2012/01/23 09:20,1970/01/01 00:00
9592561,169,169,239,205,1172258,1980.0,1.0,15.6,2012/01/01 16:04,2012/01/01 00:00,2012/01/04 13:50,1970/01/01 00:00
9667252,169,169,239,205,1172258,1980.0,1.0,12.0,2012/01/08 15:05,2012/01/08 00:00,2012/01/14 09:41,1970/01/01 00:00
9478567,169,151,239,205,959499,1362.0,0.072752,0.6,2011/12/26 08:27,2011/12/26 00:00,2011/12/27 08:15,1970/01/01 00:00
9505101,169,151,239,205,959499,4596.0,0.071956,0.0,2011/12/27 13:11,2011/12/27 00:00,2011/12/27 14:10,1970/01/01 00:00
9485643,169,151,239,205,558826,2286.0,0.072751,2.0,2011/12/26 12:51,2012/01/01 00:00,2012/01/02 10:02,1970/01/01 00:00
9632322,169,169,239,205,558826,1980.0,1.0,24.0,2012/01/05 07:26,2012/01/05 00:00,2012/01/06 10:03,1970/01/01 00:00
9835008,169,169,239,205,558826,1980.0,1.0,24.0,2012/01/25 09:09,2012/01/26 00:00,2012/02/11 08:59,1970/01/01 00:00
9635523,169,169,239,205,959667,3300.0,1.0,40.0,2012/01/05 11:36,2012/01/05 00:00,2012/01/09 10:14,1970/01/01 00:00
9490853,169,151,239,205,1198996,9195.0,0.072467,4.0,2011/12/26 18:34,1970/01/01 00:00,1970/01/01 00:00,2012/01/01 22:01
9518296,169,151,239,205,1198996,2283.0,0.072275,0.1,2011/12/28 07:28,1970/01/01 00:00,1970/01/01 00:00,2012/01/02 22:23
9517921,169,151,239,205,1198996,1371.0,0.072275,0.6,2011/12/28 07:21,1970/01/01 00:00,1970/01/01 00:00,2012/01/02 22:24
9532702,169,100,133,205,1151432,1656.0,39.865353,400.0,2011/12/29 05:22,2011/12/29 00:00,2011/12/30 07:52,1970/01/01 00:00
9589557,169,100,133,205,1151432,4917.0,40.256529,1200.0,2012/01/01 11:35,2012/01/02 00:00,2012/01/03 12:43,1970/01/01 00:00
9629323,169,100,133,205,1151432,1644.0,40.112263,400.0,2012/01/04 17:28,2012/01/05 00:00,2012/01/06 09:38,1970/01/01 00:00
9746989,169,100,133,205,1151432,3228.0,40.905947,800.0,2012/01/17 16:22,2012/01/18 00:00,2012/01/20 12:04,1970/01/01 00:00
9813561,169,100,133,205,1151432,1299.0,40.679074,320.0,2012/01/24 11:05,2012/01/24 00:00,2012/01/25 07:35,1970/01/01 00:00
9510861,169,151,239,205,1198996,3195.0,0.072275,1.4,2011/12/27 20:12,1970/01/01 00:00,1970/01/01 00:00,2012/01/02 22:36
9504248,169,151,239,205,1198996,6879.0,0.071951,3.0,2011/12/27 12:32,1970/01/01 00:00,1970/01/01 00:00,2012/01/02 22:53
9505260,169,151,239,205,1198996,3678.0,0.071956,1.6,2011/12/27 13:19,2011/12/27 00:00,2012/01/01 09:15,1970/01/01 00:00
9641702,169,151,239,205,1026047,1353.0,0.073243,0.6,2012/01/06 07:09,2012/01/06 00:00,2012/01/07 08:04,1970/01/01 00:00
9506108,169,100,133,205,540401,2988.0,39.740938,720.0,2011/12/27 13:58,1970/01/01 00:00,1970/01/01 00:00,2012/01/02 22:51
9791244,169,100,133,205,540401,17586.0,40.530041,4320.0,2012/01/22 08:44,1970/01/01 00:00,1970/01/01 00:00,2012/08/05 22:58
9503526,169,100,133,205,540401,1500.0,39.740609,361.28,2011/12/27 11:59,2011/12/27 00:00,2011/12/28 08:01,1970/01/01 00:00
9554409,169,169,239,205,1724218,660.0,1.0,8.0,2011/12/30 08:43,2011/12/30 00:00,2012/01/01 13:32,1970/01/01 00:00
9711843,169,151,239,205,1724218,2157.0,0.076482,2.0,2012/01/13 08:48,2012/01/13 00:00,2012/01/13 12:08,1970/01/01 00:00
9604826,169,151,239,205,1724252,3573.0,0.073916,1.6,2012/01/02 20:36,2012/01/03 00:00,2012/01/05 07:50,1970/01/01 00:00
9581730,169,151,239,205,1198912,8577.0,0.0731,7.6,2011/12/31 21:36,2012/01/01 00:00,2012/01/01 11:59,1970/01/01 00:00
9793248,169,100,133,205,540401,17343.0,40.530041,4260.0,2012/01/22 11:39,2012/01/22 00:00,2012/01/23 08:59,1970/01/01 00:00
9811701,169,100,133,205,540401,1500.0,40.679077,370.0,2012/01/24 09:14,2012/01/24 00:00,2012/01/25 07:32,1970/01/01 00:00
9658056,169,169,239,205,539179,3300.0,1.0,20.0,2012/01/07 12:20,1970/01/01 00:00,1970/01/01 00:00,2012/01/13 22:04
9680232,169,151,239,205,568225,2211.0,0.074636,1.0,2012/01/10 08:51,2012/01/10 00:00,2012/01/13 09:00,1970/01/01 00:00
9780906,169,151,239,205,568225,1353.0,0.073761,0.6,2012/01/21 07:22,2012/01/22 00:00,2012/01/23 12:11,1970/01/01 00:00
9560769,169,169,239,205,1614761,1320.0,1.0,16.0,2011/12/30 12:27,1970/01/01 00:00,1970/01/01 00:00,2012/01/05 22:12
9672992,169,169,239,205,1614761,660.0,1.0,8.0,2012/01/09 11:35,1970/01/01 00:00,1970/01/01 00:00,2012/01/15 22:13
9683198,169,169,239,205,1110922,759.0,1.0,5.98,2012/01/10 12:44,2012/01/10 00:00,2012/01/13 14:38,1970/01/01 00:00
9525848,169,169,239,205,539179,2970.0,1.0,18.0,2011/12/28 10:51,2011/12/29 00:00,2011/12/30 09:56,1970/01/01 00:00
9658954,169,169,239,205,539179,3300.0,1.0,20.0,2012/01/07 13:57,2012/01/08 00:00,2012/01/08 12:46,1970/01/01 00:00
10615030,169,100,133,205,1137214,1617.0,42.846119,420.0,2012/04/02 15:01,2012/04/03 00:00,2012/04/03 10:18,1970/01/01 00:00
10561220,169,100,133,205,1137214,2892.0,42.221614,740.0,2012/03/28 12:40,2012/03/28 00:00,2012/04/03 14:26,1970/01/01 00:00
10683191,169,100,133,205,1137214,2466.0,42.176779,630.0,2012/04/09 07:35,2012/04/09 00:00,2012/04/09 14:22,1970/01/01 00:00
10674642,169,100,133,205,1137214,1173.0,42.153495,300.0,2012/04/08 07:23,2012/04/09 00:00,2012/04/13 11:21,1970/01/01 00:00
10728631,169,100,133,205,1137214,3279.0,42.274145,840.0,2012/04/13 19:21,2012/04/14 00:00,2012/04/15 10:34,1970/01/01 00:00
10747769,169,100,133,205,1137214,645.0,41.914911,164.0,2012/04/16 08:14,2012/04/16 00:00,2012/04/16 09:53,1970/01/01 00:00
10768309,169,100,133,205,1137214,669.0,41.950508,170.0,2012/04/18 11:43,2012/04/18 00:00,2012/04/21 07:12,1970/01/01 00:00
10849371,169,100,133,205,1137214,1467.0,43.500004,387.0,2012/04/25 12:04,2012/04/25 00:00,2012/04/27 07:54,1970/01/01 00:00
10548200,169,169,239,205,1713528,4950.0,1.0,39.0,2012/03/27 06:34,2012/03/27 00:00,2012/03/30 08:04,1970/01/01 00:00
10548173,169,169,239,205,1713528,660.0,1.0,5.6,2012/03/27 06:28,2012/03/27 00:00,2012/03/30 12:52,1970/01/01 00:00
10607815,169,169,239,205,1713528,660.0,1.0,5.6,2012/04/02 05:44,2012/04/04 00:00,2012/04/04 11:05,1970/01/01 00:00
9622700,169,100,133,205,1543058,8226.0,40.112263,2000.0,2012/01/04 08:03,1970/01/01 00:00,1970/01/01 00:00,2012/01/09 22:14
9621799,169,100,133,205,1543058,24681.0,40.112263,6000.0,2012/01/04 07:36,1970/01/01 00:00,1970/01/01 00:00,2012/01/09 22:15
9779860,169,100,133,205,1543058,16614.0,40.715597,4100.0,2012/01/21 06:19,1970/01/01 00:00,1970/01/01 00:00,2012/01/27 23:26
9548518,169,100,133,205,1543058,25029.0,39.55404,6000.0,2011/12/30 06:13,2011/12/30 00:00,2011/12/30 08:19,1970/01/01 00:00
9548079,169,100,133,205,1543058,25029.0,39.55404,6000.0,2011/12/30 06:01,2011/12/30 00:00,2011/12/30 08:21,1970/01/01 00:00
9558340,169,100,133,205,1543058,8277.0,39.871509,2000.0,2011/12/30 10:51,2011/12/30 00:00,2011/12/30 12:02,1970/01/01 00:00
9600572,169,100,133,205,1543058,23943.0,40.243854,5840.0,2012/01/02 11:11,2012/01/02 00:00,2012/01/02 12:29,1970/01/01 00:00
9603244,169,100,133,205,1543058,9429.0,40.245361,2300.0,2012/01/02 15:26,2012/01/02 00:00,2012/01/03 09:16,1970/01/01 00:00
9708927,169,100,133,205,1543058,9348.0,40.601354,2300.0,2012/01/13 06:41,2012/01/13 00:00,2012/01/13 08:43,1970/01/01 00:00
9720523,169,100,133,205,1543058,9333.0,40.663496,2300.0,2012/01/14 07:47,2012/01/14 00:00,2012/01/15 06:51,1970/01/01 00:00
9734181,169,100,133,205,1543058,4008.0,41.17579,1000.0,2012/01/16 07:13,2012/01/16 00:00,2012/01/16 08:07,1970/01/01 00:00
9733011,169,100,133,205,1543058,8013.0,41.175991,2000.0,2012/01/16 05:26,2012/01/16 00:00,2012/01/16 08:12,1970/01/01 00:00
9738155,169,100,133,205,1543058,7647.0,41.000888,1900.0,2012/01/16 15:54,2012/01/16 00:00,2012/01/17 11:01,1970/01/01 00:00
9756729,169,100,133,205,1543058,12024.0,40.890984,2980.0,2012/01/18 12:08,2012/01/18 00:00,2012/01/20 06:59,1970/01/01 00:00
9779578,169,100,133,205,1543058,28368.0,40.715597,7000.0,2012/01/21 06:03,2012/01/21 00:00,2012/01/21 08:17,1970/01/01 00:00
9691568,169,169,239,205,1101117,2310.0,1.0,14.0,2012/01/11 07:26,2012/01/11 00:00,2012/01/14 08:10,1970/01/01 00:00
9783692,169,100,133,205,1543058,6078.0,40.717396,1500.0,2012/01/21 10:43,2012/01/21 00:00,2012/01/21 12:19,1970/01/01 00:00
9797978,169,100,133,205,1543058,3009.0,40.561534,740.0,2012/01/23 06:08,2012/01/23 00:00,2012/01/23 11:27,1970/01/01 00:00
9834667,169,169,239,205,1754137,660.0,1.0,8.0,2012/01/25 09:01,2012/01/25 00:00,2012/01/27 07:17,1970/01/01 00:00
9628708,169,169,239,205,1130264,990.0,1.0,12.0,2012/01/04 15:24,2012/01/04 00:00,2012/01/08 08:23,1970/01/01 00:00
9814976,169,169,239,205,1754138,1650.0,1.0,10.0,2012/01/24 12:31,1970/01/01 00:00,1970/01/01 00:00,2012/02/01 23:28
9800592,169,169,239,205,1543042,1320.0,1.0,16.0,2012/01/23 08:54,2012/01/23 00:00,2012/01/23 12:03,1970/01/01 00:00
9475138,169,151,239,205,1754189,22761.0,0.07249,10.0,2011/12/26 06:28,1970/01/01 00:00,1970/01/01 00:00,2012/01/01 22:36
9475556,169,151,239,205,1754189,18210.0,0.072492,8.0,2011/12/26 06:43,2011/12/26 00:00,2011/12/27 07:28,1970/01/01 00:00
9563297,169,169,239,205,1754189,4290.0,1.0,26.0,2011/12/30 14:33,2011/12/30 00:00,2012/01/01 08:15,1970/01/01 00:00
9579349,169,151,239,205,1754189,4515.0,0.0731,2.0,2011/12/31 14:38,2012/01/01 00:00,2012/01/03 06:50,1970/01/01 00:00
9677815,169,151,239,205,1754189,4422.0,0.074639,2.0,2012/01/10 06:24,2012/01/10 00:00,2012/01/10 09:22,1970/01/01 00:00
9744466,169,151,239,205,1754189,8919.0,0.073995,4.0,2012/01/17 12:00,2012/01/17 00:00,2012/01/18 07:28,1970/01/01 00:00
9829739,169,151,239,205,1754189,22845.0,0.072469,10.0,2012/01/25 07:19,2012/01/25 00:00,2012/01/27 10:52,1970/01/01 00:00
9566713,169,151,239,205,1598411,1815.0,0.072727,0.8,2011/12/30 20:55,1970/01/01 00:00,1970/01/01 00:00,2012/01/05 22:00
9561668,169,151,239,205,1100462,3603.0,0.073266,1.6,2011/12/30 13:10,2011/12/30 00:00,2011/12/31 09:45,1970/01/01 00:00
9586135,169,151,239,205,1100462,4107.0,0.072313,0.0,2012/01/01 08:17,2012/01/01 00:00,2012/01/01 08:27,1970/01/01 00:00
9527124,169,169,239,205,1754656,990.0,1.0,12.0,2011/12/28 11:55,2011/12/28 00:00,2012/01/06 09:00,1970/01/01 00:00
9701061,169,169,239,205,1746954,6600.0,1.0,80.0,2012/01/12 07:11,2012/01/12 00:00,2012/01/13 12:37,1970/01/01 00:00
9700861,169,169,239,205,1746954,4950.0,1.0,60.0,2012/01/12 06:58,2012/01/12 00:00,2012/01/13 14:36,1970/01/01 00:00
9588460,169,169,239,205,1746984,990.0,1.0,7.8,2012/01/01 10:28,2012/01/01 00:00,2012/01/25 07:45,1970/01/01 00:00
9653652,169,100,133,205,1101268,1650.0,40.772145,407.6,2012/01/07 07:07,2012/01/07 00:00,2012/01/10 06:55,1970/01/01 00:00
9673308,169,100,133,205,1101268,825.0,40.741654,203.6,2012/01/09 12:11,2012/01/09 00:00,2012/01/11 06:28,1970/01/01 00:00
9815575,169,100,133,205,1101268,2970.0,40.678964,732.0,2012/01/24 13:10,2012/01/24 00:00,2012/01/25 08:38,1970/01/01 00:00
9595821,169,151,239,205,1754441,1809.0,0.072964,0.8,2012/01/02 06:30,2012/01/02 00:00,2012/01/02 13:09,1970/01/01 00:00
9608716,169,100,133,205,942079,987.0,40.154994,240.0,2012/01/03 08:20,1970/01/01 00:00,1970/01/01 00:00,2012/01/09 22:41
9570768,169,100,133,205,942079,1499.82,40.836868,371.2,2011/12/31 07:22,2011/12/31 00:00,2012/01/01 06:40,1970/01/01 00:00
9565072,169,169,239,205,1100564,2970.0,1.0,36.0,2011/12/30 16:33,2011/12/30 00:00,2012/01/03 13:05,1970/01/01 00:00
9704202,169,169,239,205,1100564,990.0,1.0,12.0,2012/01/12 12:08,2012/01/12 00:00,2012/01/14 10:08,1970/01/01 00:00
9642993,169,100,133,205,942079,987.0,40.135479,240.0,2012/01/06 07:59,2012/01/06 00:00,2012/01/08 08:40,1970/01/01 00:00
9778888,169,100,133,205,942079,1134.0,40.715597,280.0,2012/01/21 04:45,2012/01/21 00:00,2012/01/21 10:29,1970/01/01 00:00
9717067,169,100,133,205,942079,1218.0,40.647191,300.0,2012/01/13 16:55,2012/01/14 00:00,2012/01/29 13:31,1970/01/01 00:00
9625322,169,151,239,205,1137246,1788.0,0.073803,0.8,2012/01/04 09:50,2012/01/04 00:00,2012/01/07 14:57,1970/01/01 00:00
9720131,169,169,239,205,1137246,9900.0,1.0,78.0,2012/01/14 07:20,2012/01/14 00:00,2012/01/15 13:22,1970/01/01 00:00
9839569,169,151,239,205,1137246,3654.0,0.072469,3.2,2012/01/25 11:19,2012/01/25 00:00,2012/01/28 07:36,1970/01/01 00:00
9558828,169,100,133,205,1137214,2400.0,39.871509,580.0,2011/12/30 11:10,1970/01/01 00:00,1970/01/01 00:00,2012/01/05 22:16
9560315,169,100,133,205,1137214,3141.0,40.967773,780.0,2011/12/30 12:06,2012/01/01 00:00,2012/01/03 07:21,1970/01/01 00:00
9761445,169,100,133,205,1137214,8070.0,40.890984,2000.0,2012/01/19 07:36,2012/01/19 00:00,2012/01/21 06:29,1970/01/01 00:00
9541732,169,151,239,205,543438,9141.0,0.072207,4.0,2011/12/29 12:56,2011/12/29 00:00,2011/12/31 09:17,1970/01/01 00:00
9837594,169,151,239,205,543438,4569.0,0.072469,2.0,2012/01/25 10:06,2012/01/25 00:00,2012/01/27 07:31,1970/01/01 00:00
9528947,169,169,239,205,542653,1980.0,1.0,24.0,2011/12/28 13:55,2011/12/29 00:00,2012/01/02 13:45,1970/01/01 00:00
9630951,169,169,239,205,542653,2310.0,1.0,28.0,2012/01/05 06:00,2012/01/05 00:00,2012/01/06 09:33,1970/01/01 00:00
9632270,169,169,239,205,542653,1980.0,1.0,12.0,2012/01/05 07:23,2012/01/05 00:00,2012/01/09 08:32,1970/01/01 00:00
9700130,169,169,239,205,542653,660.0,1.0,8.0,2012/01/12 06:06,2012/01/13 00:00,2012/01/14 10:33,1970/01/01 00:00
9582449,169,169,239,205,542653,660.0,1.0,4.0,2012/01/01 05:07,2012/01/01 00:00,2012/01/17 08:22,1970/01/01 00:00
9789894,169,169,239,205,542653,1980.0,1.0,12.0,2012/01/22 07:10,2012/01/22 00:00,2012/01/22 10:45,1970/01/01 00:00
9718824,169,169,239,205,1760154,1815.0,1.0,11.0,2012/01/14 05:56,1970/01/01 00:00,1970/01/01 00:00,2012/01/20 23:11
9728502,169,169,239,205,1760154,1650.0,1.0,10.0,2012/01/15 08:30,2012/01/15 00:00,2012/01/15 11:32,1970/01/01 00:00
9517235,169,100,133,205,1760222,2399.19,39.860705,579.6,2011/12/28 07:07,2011/12/28 00:00,2011/12/30 07:39,1970/01/01 00:00
9827032,169,100,133,205,1760222,1650.0,40.63371,406.0,2012/01/25 06:27,2012/01/25 00:00,2012/01/27 09:56,1970/01/01 00:00
9482459,169,151,239,205,1723469,1368.0,0.072752,1.2,2011/12/26 10:42,2011/12/26 00:00,2011/12/27 08:14,1970/01/01 00:00
9843974,169,151,239,205,1723469,2283.0,0.072469,2.0,2012/01/25 16:49,2012/01/25 00:00,2012/01/27 07:18,1970/01/01 00:00
9659967,169,151,239,205,1598046,6219.0,0.074306,2.8,2012/01/07 16:35,2012/01/07 00:00,2012/03/09 15:50,1970/01/01 00:00
9716281,169,100,133,205,1746752,900.0,40.647191,222.0,2012/01/13 14:45,1970/01/01 00:00,1970/01/01 00:00,2012/01/19 23:05
9564934,169,169,239,205,1598060,990.0,1.0,12.0,2011/12/30 16:22,1970/01/01 00:00,1970/01/01 00:00,2012/01/05 22:05
9536245,169,100,133,205,1746752,5100.0,39.865353,1232.2,2011/12/29 07:49,2011/12/30 00:00,2012/01/01 07:41,1970/01/01 00:00
9570693,169,100,133,205,1746752,900.0,40.836868,223.0,2011/12/31 07:20,2011/12/31 00:00,2012/01/01 08:03,1970/01/01 00:00
9536267,169,100,133,205,1746752,600.0,39.865353,144.96,2011/12/29 07:50,2011/12/30 00:00,2012/01/01 08:57,1970/01/01 00:00
9603455,169,100,133,205,1746752,6900.0,40.245361,1683.0,2012/01/02 15:59,2012/01/02 00:00,2012/01/03 10:02,1970/01/01 00:00
9649450,169,100,133,205,1746752,990.0,40.764919,244.6,2012/01/06 14:56,2012/01/06 00:00,2012/01/07 06:16,1970/01/01 00:00
9666697,169,100,133,205,1746752,600.0,40.771268,148.26,2012/01/08 13:45,2012/01/08 00:00,2012/01/14 09:11,1970/01/01 00:00
9716338,169,100,133,205,1746752,3900.0,40.647191,960.6,2012/01/13 14:52,2012/01/13 00:00,2012/01/16 07:05,1970/01/01 00:00
9575201,169,151,239,205,1598060,13551.0,0.073074,6.0,2011/12/31 10:27,1970/01/01 00:00,1970/01/01 00:00,2012/01/06 22:14
9506254,169,151,239,205,1598060,4158.0,0.071956,0.0,2011/12/27 14:05,2011/12/28 00:00,2011/12/28 06:38,1970/01/01 00:00
9563562,169,169,239,205,1598060,7260.0,1.0,88.0,2011/12/30 14:46,2011/12/31 00:00,2011/12/31 07:52,1970/01/01 00:00
9667373,169,151,239,205,1598060,1782.0,0.074113,1.6,2012/01/08 15:24,2012/01/09 00:00,2012/01/10 11:58,1970/01/01 00:00
9627359,169,169,239,205,1598262,1650.0,1.0,13.0,2012/01/04 12:18,2012/01/04 00:00,2012/01/06 13:11,1970/01/01 00:00
9804468,169,169,239,205,1598262,990.0,1.0,7.8,2012/01/23 15:19,2012/01/23 00:00,2012/01/27 10:07,1970/01/01 00:00
9592094,169,169,239,205,1136865,1320.0,1.0,8.0,2012/01/01 15:02,2012/01/02 00:00,2012/01/03 06:37,1970/01/01 00:00
9528138,169,151,239,205,1236135,1371.0,0.072275,0.0,2011/12/28 12:56,2011/12/28 00:00,2011/12/28 13:57,1970/01/01 00:00
9802833,169,169,239,205,1550682,1320.0,1.0,16.0,2012/01/23 12:23,2012/01/23 00:00,2012/01/23 12:57,1970/01/01 00:00
9626244,169,169,239,205,1550733,1320.0,1.0,16.0,2012/01/04 10:48,2012/01/05 00:00,2012/01/06 06:24,1970/01/01 00:00
9637641,169,169,239,205,1550733,1650.0,1.0,20.0,2012/01/05 17:25,2012/01/06 00:00,2012/01/10 11:11,1970/01/01 00:00
9773654,169,169,239,205,1550733,990.0,1.0,12.0,2012/01/20 10:38,2012/01/20 00:00,2012/01/21 09:37,1970/01/01 00:00
9816919,169,169,239,205,1550733,990.0,1.0,12.0,2012/01/24 14:31,2012/01/24 00:00,2012/01/25 09:00,1970/01/01 00:00
9757403,169,169,239,205,1550730,990.0,1.0,12.0,2012/01/18 13:40,2012/01/19 00:00,2012/01/23 08:55,1970/01/01 00:00
9512042,169,151,239,205,951741,3195.0,0.072275,0.0,2011/12/28 04:30,2011/12/28 00:00,2011/12/28 06:47,1970/01/01 00:00
9651501,169,151,239,205,951741,2241.0,0.073672,0.0,2012/01/07 03:29,2012/01/07 00:00,2012/01/07 06:47,1970/01/01 00:00
9532368,169,169,239,205,1598179,2310.0,1.0,28.0,2011/12/29 05:01,2011/12/29 00:00,2011/12/31 07:52,1970/01/01 00:00
9816483,169,151,239,205,1131782,2283.0,0.072538,0.0,2012/01/24 14:05,2012/01/24 00:00,2012/01/24 14:26,1970/01/01 00:00
9640194,169,169,239,205,1598260,1980.0,1.0,15.6,2012/01/06 06:09,2012/01/08 00:00,2012/01/11 07:40,1970/01/01 00:00
9640274,169,169,239,205,1598260,1320.0,1.0,8.0,2012/01/06 06:12,2012/01/08 00:00,2012/01/18 09:53,1970/01/01 00:00
9766365,169,169,239,205,990009,4950.0,1.0,30.0,2012/01/19 19:50,2012/01/20 00:00,2012/01/21 08:41,1970/01/01 00:00
9536017,169,169,239,205,1070516,2310.0,1.0,18.2,2011/12/29 07:41,2011/12/29 00:00,2011/12/30 07:21,1970/01/01 00:00
9543564,169,100,133,205,1131834,1800.0,38.890371,424.26,2011/12/29 16:02,2011/12/30 00:00,2012/01/01 08:16,1970/01/01 00:00
9756097,169,100,133,205,1131834,1800.0,40.890984,446.08,2012/01/18 11:05,2012/01/18 00:00,2012/01/20 11:19,1970/01/01 00:00
9522986,169,151,239,205,1204146,14610.0,0.072275,6.4,2011/12/28 09:16,2011/12/28 00:00,2011/12/28 13:26,1970/01/01 00:00
9565525,169,100,133,205,1204146,1611.0,40.966579,400.0,2011/12/30 17:18,2011/12/30 00:00,2012/01/01 12:34,1970/01/01 00:00
9565248,169,100,133,205,1204146,1611.0,40.966579,400.0,2011/12/30 16:49,2011/12/30 00:00,2012/01/04 07:42,1970/01/01 00:00
9630762,169,169,239,205,1750763,3300.0,1.0,40.0,2012/01/05 05:39,1970/01/01 00:00,1970/01/01 00:00,2012/01/10 22:15
9800077,169,151,239,205,1750763,3180.0,0.072912,2.8,2012/01/23 08:19,2012/01/23 00:00,2012/01/27 13:32,1970/01/01 00:00
9546580,169,169,239,205,2148718,1650.0,1.0,10.0,2011/12/30 04:45,2011/12/31 00:00,2012/01/02 11:27,1970/01/01 00:00
9619149,169,169,239,205,2148718,1650.0,1.0,20.0,2012/01/04 06:15,2012/01/04 00:00,2012/01/10 07:09,1970/01/01 00:00
9742970,169,174,236,205,1141408,3333.0,0.891335,39.6,2012/01/17 09:39,2012/01/17 00:00,2012/01/17 11:52,1970/01/01 00:00
9753835,169,151,239,205,945203,1353.0,0.074509,0.0,2012/01/18 08:41,2012/01/18 00:00,2012/01/18 08:41,1970/01/01 00:00
9799400,169,151,239,205,945273,2715.0,0.07291,1.2,2012/01/23 07:35,1970/01/01 00:00,1970/01/01 00:00,2012/01/29 23:14
9799828,169,151,239,205,945273,4086.0,0.072912,3.6,2012/01/23 08:03,2012/01/23 00:00,2012/01/23 13:49,1970/01/01 00:00
9522731,169,151,239,205,1137196,2283.0,0.072275,1.0,2011/12/28 09:09,1970/01/01 00:00,1970/01/01 00:00,2012/01/02 22:18
9607002,169,169,239,205,1137196,660.0,1.0,5.2,2012/01/03 06:47,2012/01/04 00:00,2012/01/04 11:44,1970/01/01 00:00
9640428,169,169,239,205,1137196,1650.0,1.0,20.0,2012/01/06 06:18,2012/01/06 00:00,2012/01/09 11:40,1970/01/01 00:00
9590045,169,100,133,205,1149414,3279.0,40.256529,800.0,2012/01/01 12:13,2012/01/01 00:00,2012/01/02 09:53,1970/01/01 00:00
9531200,169,100,133,205,1149414,4140.0,39.865353,1000.0,2011/12/28 18:10,2011/12/29 00:00,2012/01/03 12:40,1970/01/01 00:00
9476997,169,100,133,205,1149414,1629.0,40.480006,400.0,2011/12/26 07:33,2011/12/26 00:00,2012/01/03 12:41,1970/01/01 00:00
9613796,169,100,133,205,1149414,1644.0,40.154994,400.0,2012/01/03 14:13,2012/01/03 00:00,2012/01/06 07:49,1970/01/01 00:00
9701704,169,100,133,205,1149414,2274.0,40.647845,560.0,2012/01/12 07:57,2012/01/13 00:00,2012/02/12 11:00,1970/01/01 00:00
9612441,169,169,239,205,1100579,1650.0,1.0,10.0,2012/01/03 12:32,2012/01/03 00:00,2012/01/06 07:48,1970/01/01 00:00
9496010,169,169,239,205,942145,1980.0,1.0,24.0,2011/12/27 07:20,2011/12/27 00:00,2011/12/28 07:30,1970/01/01 00:00
9588629,169,151,239,205,1156250,3126.0,0.073886,1.4,2012/01/01 10:37,2012/01/04 00:00,2012/01/06 09:48,1970/01/01 00:00
9524504,169,100,133,205,1717590,570.0,39.861087,137.7,2011/12/28 10:01,1970/01/01 00:00,1970/01/01 00:00,2012/01/02 22:15
9616974,169,169,239,205,1131615,3300.0,1.0,40.0,2012/01/03 21:25,1970/01/01 00:00,1970/01/01 00:00,2012/01/09 22:23
9618512,169,169,239,205,1131615,3300.0,1.0,26.0,2012/01/04 05:47,2012/01/04 00:00,2012/01/04 07:14,1970/01/01 00:00
9627160,169,151,239,205,1131615,2235.0,0.073803,1.0,2012/01/04 11:58,2012/01/04 00:00,2012/01/05 06:09,1970/01/01 00:00
9669097,169,151,239,205,1131615,6693.0,0.073968,3.0,2012/01/09 05:41,2012/01/09 00:00,2012/01/09 15:44,1970/01/01 00:00
9698883,169,151,239,205,1131615,2613.0,0.075745,1.2,2012/01/11 19:06,2012/01/12 00:00,2012/01/12 12:35,1970/01/01 00:00
9520826,169,100,133,205,1717605,675.0,39.861087,163.0,2011/12/28 08:22,1970/01/01 00:00,1970/01/01 00:00,2012/01/02 22:21
9726735,169,100,133,205,1717605,1323.0,41.200082,330.0,2012/01/15 06:06,1970/01/01 00:00,1970/01/01 00:00,2012/01/21 23:10
9725979,169,100,133,205,1717605,1323.0,41.200082,330.0,2012/01/15 04:05,1970/01/01 00:00,1970/01/01 00:00,2012/01/21 23:12
9521346,169,100,133,205,1717605,828.0,39.861087,200.0,2011/12/28 08:34,2011/12/28 00:00,2011/12/31 11:13,1970/01/01 00:00
9734623,169,169,239,205,1131615,6600.0,1.0,52.0,2012/01/16 07:51,2012/01/16 00:00,2012/01/18 11:57,1970/01/01 00:00
9772222,169,151,239,205,1131615,1353.0,0.073412,0.6,2012/01/20 09:12,2012/01/20 00:00,2012/01/20 14:48,1970/01/01 00:00
9650453,169,100,133,205,1717605,1215.0,40.764919,300.0,2012/01/06 17:12,2012/01/07 00:00,2012/01/07 10:19,1970/01/01 00:00
9651809,169,100,133,205,1717605,1620.0,40.772199,400.0,2012/01/07 04:41,2012/01/07 00:00,2012/01/07 13:07,1970/01/01 00:00
9677503,169,100,133,205,1717605,972.0,40.677983,240.0,2012/01/10 06:04,2012/01/10 00:00,2012/01/10 11:53,1970/01/01 00:00
9726673,169,100,133,205,1717605,1323.0,41.200082,330.0,2012/01/15 06:01,2012/01/15 00:00,2012/01/15 10:00,1970/01/01 00:00
9537875,169,169,239,205,1156301,3795.0,1.0,46.0,2011/12/29 08:56,2011/12/29 00:00,2011/12/30 08:21,1970/01/01 00:00
9815535,169,169,239,205,1156301,2640.0,1.0,32.0,2012/01/24 13:07,2012/01/24 00:00,2012/01/25 08:56,1970/01/01 00:00
9717851,169,151,239,205,1131097,2193.0,0.076461,1.0,2012/01/13 20:07,2012/01/14 00:00,2012/01/16 06:42,1970/01/01 00:00
9757680,169,151,239,205,1110124,903.0,0.074509,0.1,2012/01/18 14:25,2012/01/18 00:00,2012/01/21 07:45,1970/01/01 00:00
9474525,169,169,239,205,2147384,8976.0,1.0,108.8,2011/12/26 06:05,2011/12/26 00:00,2011/12/26 06:48,1970/01/01 00:00
9569779,169,169,239,205,2147384,4752.0,1.0,57.6,2011/12/31 06:47,2011/12/31 00:00,2011/12/31 07:22,1970/01/01 00:00
9662812,169,169,239,205,2147384,3564.0,1.0,43.2,2012/01/08 07:31,2012/01/08 00:00,2012/01/11 08:05,1970/01/01 00:00
9687363,169,151,239,205,1585577,1305.0,0.075894,0.1,2012/01/10 20:00,1970/01/01 00:00,1970/01/01 00:00,2012/01/16 22:21
9616702,169,169,239,205,1171828,660.0,1.0,8.0,2012/01/03 19:46,2012/01/04 00:00,2012/01/07 06:33,1970/01/01 00:00
9568699,169,151,239,205,2147700,12867.0,0.071816,11.2,2011/12/31 06:10,1970/01/01 00:00,1970/01/01 00:00,2012/01/06 22:24
9718159,169,100,133,205,1204146,1056.0,40.663737,260.0,2012/01/14 04:16,1970/01/01 00:00,1970/01/01 00:00,2012/01/20 23:12
9720846,169,100,133,205,1590323,4203.0,40.663496,1036.0,2012/01/14 08:11,2012/01/14 00:00,2012/01/14 12:11,1970/01/01 00:00
9730141,169,100,133,205,1590323,849.0,41.199733,212.0,2012/01/15 11:36,2012/01/15 00:00,2012/01/17 12:18,1970/01/01 00:00
9474931,169,151,239,205,943014,4551.0,0.07249,2.0,2011/12/26 06:22,2011/12/26 00:00,2011/12/28 07:52,1970/01/01 00:00
9782186,169,151,239,205,546864,2259.0,0.073762,1.0,2012/01/21 08:43,2012/01/21 00:00,2012/01/21 10:53,1970/01/01 00:00
9785607,169,169,239,205,1154413,660.0,1.0,8.0,2012/01/21 13:53,2012/01/22 00:00,2012/01/23 10:03,1970/01/01 00:00
9512732,169,151,239,205,1757831,9132.0,0.072275,4.0,2011/12/28 05:07,2011/12/28 00:00,2011/12/31 12:31,1970/01/01 00:00
9527018,169,151,239,205,533394,4566.0,0.072275,4.0,2011/12/28 11:50,1970/01/01 00:00,1970/01/01 00:00,2012/01/02 22:12
9563235,169,169,239,205,533394,990.0,1.0,6.0,2011/12/30 14:29,2011/12/31 00:00,2012/01/08 10:37,1970/01/01 00:00
9515844,169,169,239,205,1110824,2904.0,1.0,35.2,2011/12/28 06:38,1970/01/01 00:00,1970/01/01 00:00,2012/01/02 22:26
9492960,169,169,239,205,1110824,660.0,1.0,8.0,2011/12/27 05:26,2011/12/27 00:00,2011/12/28 09:30,1970/01/01 00:00
9517552,169,169,239,205,1110824,3300.0,1.0,40.0,2011/12/28 07:14,2011/12/28 00:00,2011/12/30 07:17,1970/01/01 00:00
9516071,169,169,239,205,1110824,2640.0,1.0,32.0,2011/12/28 06:43,2011/12/28 00:00,2011/12/31 09:55,1970/01/01 00:00
10708295,169,151,239,205,1713611,5781.0,0.060677,4.16,2012/04/11 14:41,2012/04/11 00:00,2012/04/16 07:47,1970/01/01 00:00
10841469,169,151,239,205,1713611,3291.0,0.062149,2.48,2012/04/25 07:52,2012/04/26 00:00,2012/05/11 10:09,1970/01/01 00:00
10633735,169,169,239,205,1536073,990.0,1.0,12.0,2012/04/04 08:40,2012/04/05 00:00,2012/04/08 07:02,1970/01/01 00:00
10683713,169,169,239,205,1536073,6600.0,1.0,80.0,2012/04/09 08:17,2012/04/09 00:00,2012/04/10 09:05,1970/01/01 00:00
10662899,169,151,239,205,1548691,5598.0,0.061246,4.0,2012/04/07 04:25,1970/01/01 00:00,1970/01/01 00:00,2012/04/13 23:19
10582042,169,151,239,205,530185,67092.0,0.064745,52.0,2012/03/30 15:12,1970/01/01 00:00,1970/01/01 00:00,2012/04/05 23:04
10582310,169,169,239,205,530185,4290.0,1.0,52.0,2012/03/30 15:44,2012/03/30 00:00,2012/04/01 07:01,1970/01/01 00:00
10579626,169,169,239,205,538490,660.0,1.0,8.0,2012/03/30 11:50,2012/03/30 00:00,2012/04/22 10:11,1970/01/01 00:00
10844884,169,169,239,205,538573,3300.0,1.0,40.0,2012/04/25 09:16,2012/04/25 00:00,2012/04/27 08:38,1970/01/01 00:00
10843167,169,169,239,205,538573,3300.0,1.0,28.0,2012/04/25 08:31,2012/04/25 00:00,2012/04/28 18:50,1970/01/01 00:00
10843876,169,151,239,205,538573,3186.0,0.06215,2.4,2012/04/25 08:49,2012/04/25 00:00,2012/05/07 06:11,1970/01/01 00:00
10568413,169,100,133,205,538608,786.0,42.000325,200.0,2012/03/29 13:41,2012/03/29 00:00,2012/03/31 09:38,1970/01/01 00:00
10549085,169,151,239,205,1548794,3612.0,0.065513,2.8,2012/03/27 08:44,2012/03/27 00:00,2012/03/30 08:49,1970/01/01 00:00
10615972,169,151,239,205,1548794,1584.0,0.06268,0.6,2012/04/02 17:33,2012/04/03 00:00,2012/04/04 08:09,1970/01/01 00:00
9829953,169,169,239,205,546013,2640.0,1.0,32.0,2012/01/25 07:23,2012/01/25 00:00,2012/01/27 12:49,1970/01/01 00:00
9536879,169,151,239,205,2142085,9131.85,0.072275,4.0,2011/12/29 08:14,2011/12/29 00:00,2011/12/31 07:22,1970/01/01 00:00
9536814,169,151,239,205,2142085,11414.82,0.072275,10.0,2011/12/29 08:11,2011/12/29 00:00,2012/01/09 12:14,1970/01/01 00:00
9649938,169,100,133,205,1154462,2511.0,40.764919,620.0,2012/01/06 15:54,2012/01/06 00:00,2012/01/07 06:33,1970/01/01 00:00
9615760,169,151,239,205,1752701,3120.0,0.074069,2.8,2012/01/03 17:32,2012/01/04 00:00,2012/01/09 07:59,1970/01/01 00:00
9765016,169,169,239,205,1069646,1650.0,1.0,20.0,2012/01/19 14:52,2012/01/19 00:00,2012/01/20 07:25,1970/01/01 00:00
9513683,169,151,239,205,952376,2283.0,0.072275,0.0,2011/12/28 05:46,2011/12/28 00:00,2011/12/28 06:16,1970/01/01 00:00
9625971,169,169,239,205,551240,1320.0,1.0,16.0,2012/01/04 10:30,2012/01/04 00:00,2012/01/06 13:54,1970/01/01 00:00
9588260,169,151,239,205,1107950,5805.0,0.073887,0.0,2012/01/01 10:17,2012/01/01 00:00,2012/01/01 10:51,1970/01/01 00:00
9624445,169,169,239,205,952510,990.0,1.0,12.0,2012/01/04 09:08,2012/01/04 00:00,2012/01/13 06:30,1970/01/01 00:00
9566208,169,100,133,205,1107901,1368.0,40.966579,340.0,2011/12/30 18:42,2011/12/31 00:00,2012/01/01 07:15,1970/01/01 00:00
9584264,169,100,133,205,1107901,2700.0,40.256482,658.74,2012/01/01 06:54,2012/01/01 00:00,2012/01/03 06:58,1970/01/01 00:00
9612490,169,100,133,205,1107901,2136.0,40.154994,520.0,2012/01/03 12:36,2012/01/03 00:00,2012/01/06 06:39,1970/01/01 00:00
9667664,169,100,133,205,1107901,1215.0,40.770876,300.0,2012/01/08 16:28,2012/01/09 00:00,2012/01/10 06:12,1970/01/01 00:00
9677929,169,174,236,205,1107901,1518.0,0.869121,17.6,2012/01/10 06:30,2012/01/10 00:00,2012/01/11 09:22,1970/01/01 00:00
9710117,169,100,133,205,1107901,10950.0,40.601354,2694.46,2012/01/13 07:29,2012/01/13 00:00,2012/01/14 08:49,1970/01/01 00:00
9569837,169,169,239,205,1107918,825.0,1.0,10.0,2011/12/31 06:49,1970/01/01 00:00,1970/01/01 00:00,2012/01/06 22:23
9674073,169,169,239,205,1107918,3300.0,1.0,40.0,2012/01/09 13:34,2012/01/09 00:00,2012/01/10 08:08,1970/01/01 00:00
9682172,169,169,239,205,1107918,2640.0,1.0,16.0,2012/01/10 11:21,2012/01/10 00:00,2012/01/11 06:18,1970/01/01 00:00
9495691,169,151,239,205,545712,2304.0,0.07251,2.0,2011/12/27 07:10,2011/12/27 00:00,2011/12/28 09:16,1970/01/01 00:00
9571869,169,151,239,205,530834,3612.0,0.07308,3.2,2011/12/31 08:02,2011/12/31 00:00,2011/12/31 13:43,1970/01/01 00:00
9765331,169,169,239,205,551358,990.0,1.0,6.0,2012/01/19 16:01,2012/01/20 00:00,2012/01/22 13:18,1970/01/01 00:00
9803723,169,151,239,205,1107984,16014.0,0.072588,0.0,2012/01/23 14:00,2012/01/24 00:00,2012/01/24 10:37,1970/01/01 00:00
9681317,169,151,239,205,1129979,4800.0,0.075605,4.4,2012/01/10 10:14,2012/01/10 00:00,2012/01/14 07:16,1970/01/01 00:00
9673015,169,151,239,205,532442,2190.0,0.07531,2.0,2012/01/09 11:37,1970/01/01 00:00,1970/01/01 00:00,2012/01/15 22:13
9673035,169,151,239,205,532442,2190.0,0.07531,0.1,2012/01/09 11:40,2012/01/09 00:00,2012/01/13 08:13,1970/01/01 00:00
9804104,169,151,239,205,1129979,5034.0,0.072588,4.4,2012/01/23 14:37,2012/01/26 00:00,2012/01/27 08:21,1970/01/01 00:00
9502154,169,151,239,205,1165039,9189.0,0.071951,4.0,2011/12/27 10:57,1970/01/01 00:00,1970/01/01 00:00,2011/12/27 13:12
9504182,169,151,239,205,1165039,4587.0,0.071951,2.0,2011/12/27 12:29,1970/01/01 00:00,1970/01/01 00:00,2012/01/02 22:54
9505064,169,151,239,205,1165039,4587.0,0.071956,2.0,2011/12/27 13:10,2011/12/27 00:00,2011/12/28 09:39,1970/01/01 00:00
9638241,169,151,239,205,2146616,2235.0,0.073802,0.0,2012/01/05 19:14,2012/01/07 00:00,2012/01/07 13:11,1970/01/01 00:00
9505087,169,151,239,205,1165039,4596.0,0.071956,2.0,2011/12/27 13:11,2011/12/27 00:00,2011/12/28 09:40,1970/01/01 00:00
9505102,169,151,239,205,1165039,4596.0,0.071956,2.0,2011/12/27 13:11,2011/12/27 00:00,2011/12/28 09:41,1970/01/01 00:00
9842534,169,151,239,205,1165039,4569.0,0.072469,2.0,2012/01/25 14:29,2012/01/25 00:00,2012/01/26 06:32,1970/01/01 00:00
10573150,169,151,239,205,1636683,1548.3,0.065547,0.6,2012/03/30 06:43,2012/03/30 00:00,2012/03/30 08:10,1970/01/01 00:00
10596287,169,151,239,205,1636683,1557.18,0.064492,0.6,2012/04/01 06:06,2012/04/01 00:00,2012/04/01 12:14,1970/01/01 00:00
10654682,169,151,239,205,1636683,3295.8,0.060077,2.4,2012/04/06 08:38,2012/04/06 00:00,2012/04/06 14:35,1970/01/01 00:00
10694437,169,151,239,205,1129979,3852.0,0.060906,2.8,2012/04/10 12:27,2012/04/10 00:00,2012/04/13 07:48,1970/01/01 00:00
10684130,169,169,239,205,1585577,1980.0,1.0,15.6,2012/04/09 08:51,1970/01/01 00:00,1970/01/01 00:00,2012/04/15 23:08
10752827,169,100,133,205,1743592,1575.0,41.93688,400.0,2012/04/17 06:05,2012/04/17 00:00,2012/04/18 07:26,1970/01/01 00:00
9534425,169,151,239,205,1131414,1827.0,0.072275,1.6,2011/12/29 06:43,2011/12/29 00:00,2012/01/08 06:16,1970/01/01 00:00
9591979,169,169,239,205,1636867,3300.0,1.0,20.0,2012/01/01 14:51,2012/01/01 00:00,2012/01/02 09:59,1970/01/01 00:00
9706554,169,169,239,205,1636867,1650.0,1.0,10.0,2012/01/12 19:48,2012/01/13 00:00,2012/01/14 06:17,1970/01/01 00:00
9796960,169,169,239,205,1636867,1320.0,1.0,8.0,2012/01/23 04:00,2012/01/23 00:00,2012/01/24 08:42,1970/01/01 00:00
9631206,169,151,239,205,1131349,894.0,0.073803,0.1,2012/01/05 06:16,2012/01/05 00:00,2012/01/07 09:03,1970/01/01 00:00
9586041,169,169,239,205,1202578,1980.0,1.0,12.0,2012/01/01 08:13,2012/01/01 00:00,2012/01/02 08:56,1970/01/01 00:00
9667067,169,100,133,205,1110224,972.0,40.771268,240.0,2012/01/08 14:35,1970/01/01 00:00,1970/01/01 00:00,2012/01/14 22:04
9738776,169,100,133,205,1110224,804.0,41.000785,200.0,2012/01/16 18:31,1970/01/01 00:00,1970/01/01 00:00,2012/01/22 23:00
9742168,169,100,133,205,1110224,804.0,40.969936,200.0,2012/01/17 08:30,1970/01/01 00:00,1970/01/01 00:00,2012/01/23 23:31
9741965,169,100,133,205,1110224,804.0,40.970316,200.0,2012/01/17 08:14,1970/01/01 00:00,1970/01/01 00:00,2012/01/23 23:32
9739625,169,100,133,205,1110224,804.0,40.970369,200.0,2012/01/17 05:05,1970/01/01 00:00,1970/01/01 00:00,2012/01/23 23:36
9739570,169,100,133,205,1110224,804.0,40.970369,200.0,2012/01/17 04:54,1970/01/01 00:00,1970/01/01 00:00,2012/01/23 23:36
9739288,169,100,133,205,1110224,804.0,40.970369,200.0,2012/01/17 03:49,1970/01/01 00:00,1970/01/01 00:00,2012/01/23 23:37
9532786,169,100,133,205,1110224,1656.0,39.865353,400.0,2011/12/29 05:27,2011/12/29 00:00,2011/12/30 07:09,1970/01/01 00:00
9532858,169,100,133,205,1110224,1656.0,39.865353,400.0,2011/12/29 05:32,2011/12/29 00:00,2011/12/30 07:09,1970/01/01 00:00
9666987,169,100,133,205,1110224,972.0,40.771268,240.0,2012/01/08 14:24,2012/01/08 00:00,2012/01/10 06:33,1970/01/01 00:00
9667254,169,100,133,205,1110224,891.0,40.770876,220.0,2012/01/08 15:05,2012/01/08 00:00,2012/01/11 06:57,1970/01/01 00:00
9666797,169,169,239,205,545946,19800.0,1.0,240.0,2012/01/08 14:00,2012/01/08 00:00,2012/01/09 06:17,1970/01/01 00:00
9668893,169,169,239,205,545946,1650.0,1.0,10.0,2012/01/09 05:07,2012/01/09 00:00,2012/01/09 12:29,1970/01/01 00:00
9827801,169,169,239,205,545946,2970.0,1.0,36.0,2012/01/25 06:43,2012/01/25 00:00,2012/01/25 09:35,1970/01/01 00:00
9739731,169,100,133,205,1110224,804.0,40.970369,200.0,2012/01/17 05:20,2012/01/17 00:00,2012/01/17 07:37,1970/01/01 00:00
9797378,169,100,133,205,1110224,3093.0,40.561534,760.0,2012/01/23 05:01,2012/01/23 00:00,2012/01/23 09:17,1970/01/01 00:00
9579262,169,151,239,205,551694,3159.0,0.0731,0.0,2011/12/31 14:33,2011/12/31 00:00,2011/12/31 14:33,1970/01/01 00:00
9688454,169,169,239,205,1713528,1980.0,1.0,12.0,2012/01/11 05:01,2012/01/11 00:00,2012/01/13 11:17,1970/01/01 00:00
9697829,169,169,239,205,1713528,1980.0,1.0,12.0,2012/01/11 15:14,2012/01/13 00:00,2012/01/14 09:48,1970/01/01 00:00
9740611,169,169,239,205,1713528,1320.0,1.0,8.0,2012/01/17 06:42,2012/01/17 00:00,2012/01/20 10:58,1970/01/01 00:00
9750128,169,169,239,205,1713528,660.0,1.0,4.0,2012/01/18 06:03,2012/01/18 00:00,2012/01/25 08:45,1970/01/01 00:00
9576255,169,169,239,205,1536073,5940.0,1.0,72.0,2011/12/31 11:23,1970/01/01 00:00,1970/01/01 00:00,2012/01/06 22:12
9633392,169,169,239,205,546043,1980.0,1.0,12.0,2012/01/05 08:33,2012/01/05 00:00,2012/01/06 08:05,1970/01/01 00:00
9786831,169,151,239,205,546028,3177.0,0.07334,1.4,2012/01/21 16:57,2012/01/24 00:00,2012/02/01 12:14,1970/01/01 00:00
9497226,169,151,239,205,1548693,1377.0,0.071951,1.2,2011/12/27 07:57,2011/12/27 00:00,2011/12/28 09:12,1970/01/01 00:00
9537481,169,169,239,205,1548693,4950.0,1.0,30.0,2011/12/29 08:38,2011/12/29 00:00,2011/12/30 11:13,1970/01/01 00:00
9546893,169,151,239,205,1548693,2295.0,0.071896,2.0,2011/12/30 05:04,2011/12/30 00:00,2011/12/31 07:38,1970/01/01 00:00
9572228,169,151,239,205,1548693,1806.0,0.073079,1.6,2011/12/31 08:16,2011/12/31 00:00,2011/12/31 09:38,1970/01/01 00:00
9594647,169,151,239,205,1548693,2715.0,0.072964,2.4,2012/01/02 05:02,2012/01/02 00:00,2012/01/06 10:24,1970/01/01 00:00
9618706,169,151,239,205,1548693,1341.0,0.073803,1.2,2012/01/04 05:57,2012/01/04 00:00,2012/01/06 10:25,1970/01/01 00:00
9656673,169,169,239,205,1548693,1980.0,1.0,12.0,2012/01/07 10:19,2012/01/07 00:00,2012/01/08 11:33,1970/01/01 00:00
9492423,169,151,239,205,1138819,10602.0,0.07251,9.2,2011/12/27 04:49,2011/12/27 00:00,2011/12/30 10:45,1970/01/01 00:00
9505156,169,100,133,205,1740620,6600.0,39.740938,1589.64,2011/12/27 13:14,1970/01/01 00:00,1970/01/01 00:00,2012/01/02 22:52
9505147,169,100,133,205,1740620,7500.0,39.740938,1806.4,2011/12/27 13:14,1970/01/01 00:00,1970/01/01 00:00,2012/01/02 22:52
9623903,169,100,133,205,1740620,1380.0,40.112263,335.48,2012/01/04 08:45,1970/01/01 00:00,1970/01/01 00:00,2012/01/09 22:12
9785420,169,100,133,205,1740620,5100.0,40.717395,1258.54,2012/01/21 13:31,1970/01/01 00:00,1970/01/01 00:00,2012/01/27 23:11
9505166,169,100,133,205,1740620,900.0,39.740938,216.76,2011/12/27 13:15,2011/12/28 00:00,2011/12/30 08:26,1970/01/01 00:00
9624099,169,100,133,205,1740620,780.0,40.112263,189.62,2012/01/04 08:53,2012/01/04 00:00,2012/01/13 08:45,1970/01/01 00:00
9695476,169,100,133,205,1740620,4950.0,40.646044,1219.38,2012/01/11 10:42,2012/01/12 00:00,2012/01/16 08:30,1970/01/01 00:00
9785356,169,100,133,205,1740620,2400.0,40.717395,592.26,2012/01/21 13:24,2012/01/22 00:00,2012/01/23 08:12,1970/01/01 00:00
9805081,169,100,133,205,1740620,18900.0,40.657466,4657.12,2012/01/23 16:40,2012/01/23 00:00,2012/01/24 09:10,1970/01/01 00:00
9592040,169,151,239,205,1740618,1341.0,0.073867,1.2,2012/01/01 14:57,1970/01/01 00:00,1970/01/01 00:00,2012/01/07 22:08
9509694,169,169,239,205,1740618,4950.0,1.0,60.0,2011/12/27 18:03,2011/12/28 00:00,2011/12/30 11:31,1970/01/01 00:00
9591951,169,151,239,205,1740618,1341.0,0.073874,1.2,2012/01/01 14:49,2012/01/02 00:00,2012/01/03 07:23,1970/01/01 00:00
9591843,169,151,239,205,1740618,2235.0,0.073875,2.0,2012/01/01 14:39,2012/01/02 00:00,2012/01/03 07:48,1970/01/01 00:00
9783183,169,169,239,205,551677,990.0,1.0,6.0,2012/01/21 09:58,2012/01/21 00:00,2012/01/23 12:31,1970/01/01 00:00
9824624,169,169,239,205,551677,1320.0,1.0,8.0,2012/01/25 05:31,2012/01/25 00:00,2012/01/25 09:19,1970/01/01 00:00
9792979,169,169,239,205,1740618,825.0,1.0,10.0,2012/01/22 11:13,2012/01/24 00:00,2012/01/24 12:17,1970/01/01 00:00
9792963,169,151,239,205,1740618,5874.0,0.073045,5.2,2012/01/22 11:11,2012/01/24 00:00,2012/01/25 08:04,1970/01/01 00:00
9592085,169,151,239,205,1137282,22338.0,0.073867,10.0,2012/01/01 15:01,2012/01/02 00:00,2012/01/06 12:05,1970/01/01 00:00
9718554,169,151,239,205,1141575,2640.0,0.075034,2.4,2012/01/14 05:21,1970/01/01 00:00,1970/01/01 00:00,2012/01/20 23:11
9588269,169,169,239,205,1141575,2970.0,1.0,36.0,2012/01/01 10:17,2012/01/01 00:00,2012/01/03 10:26,1970/01/01 00:00
9604620,169,169,239,205,1141575,1980.0,1.0,24.0,2012/01/02 19:30,2012/01/02 00:00,2012/01/03 10:55,1970/01/01 00:00
9593711,169,151,239,205,1141575,3126.0,0.073864,2.8,2012/01/01 19:14,2012/01/01 00:00,2012/01/06 11:29,1970/01/01 00:00
9604945,169,151,239,205,1141575,7641.0,0.073421,6.8,2012/01/03 01:39,2012/01/03 00:00,2012/01/11 08:27,1970/01/01 00:00
9722832,169,151,239,205,1141575,2625.0,0.075409,2.4,2012/01/14 11:19,2012/01/15 00:00,2012/01/15 08:13,1970/01/01 00:00
9477591,169,169,239,205,1548775,16500.0,1.0,130.0,2011/12/26 07:53,2011/12/26 00:00,2011/12/27 10:36,1970/01/01 00:00
9511709,169,169,239,205,1548775,1650.0,1.0,13.0,2011/12/28 04:05,2011/12/28 00:00,2011/12/31 11:05,1970/01/01 00:00
9562004,169,169,239,205,1548775,1650.0,1.0,13.0,2011/12/30 13:27,2011/12/31 00:00,2011/12/31 11:05,1970/01/01 00:00
9669818,169,169,239,205,1548775,660.0,1.0,5.2,2012/01/09 06:42,2012/01/09 00:00,2012/01/10 09:18,1970/01/01 00:00
9809731,169,169,239,205,1548775,16500.0,1.0,130.0,2012/01/24 07:32,2012/01/24 00:00,2012/01/24 11:50,1970/01/01 00:00
9637026,169,100,133,205,1154696,4524.0,40.112263,1100.0,2012/01/05 15:33,2012/01/06 00:00,2012/01/07 12:00,1970/01/01 00:00
9737853,169,100,133,205,1154696,885.0,41.000888,220.0,2012/01/16 14:50,2012/01/16 00:00,2012/01/17 11:29,1970/01/01 00:00
9764231,169,100,133,205,1154696,2019.0,40.890998,500.0,2012/01/19 12:21,2012/01/19 00:00,2012/01/20 06:48,1970/01/01 00:00
9537147,169,169,239,205,601645,2640.0,1.0,32.0,2011/12/29 08:25,2011/12/29 00:00,2011/12/30 07:21,1970/01/01 00:00
9629385,169,151,239,205,601645,3129.0,0.073803,2.8,2012/01/04 17:40,2012/01/05 00:00,2012/01/07 10:13,1970/01/01 00:00
9703323,169,100,133,205,538608,813.0,40.647845,200.0,2012/01/12 10:15,2012/01/12 00:00,2012/01/14 09:34,1970/01/01 00:00
9540561,169,151,239,205,1548794,1371.0,0.072207,0.6,2011/12/29 11:21,2011/12/29 00:00,2011/12/31 10:49,1970/01/01 00:00
9665551,169,169,239,205,1131365,3630.0,1.0,44.0,2012/01/08 11:31,2012/01/09 00:00,2012/01/20 12:08,1970/01/01 00:00
9644738,169,151,239,205,1184278,2643.0,0.074927,2.4,2012/01/06 09:14,2012/01/06 00:00,2012/01/31 13:08,1970/01/01 00:00
9567348,169,169,239,205,601628,1650.0,1.0,10.0,2011/12/31 04:33,2011/12/31 00:00,2012/01/07 09:53,1970/01/01 00:00
9675959,169,169,239,205,546713,2640.0,1.0,32.0,2012/01/09 18:22,2012/01/10 00:00,2012/01/10 12:07,1970/01/01 00:00
9706978,169,169,239,205,546713,2310.0,1.0,28.0,2012/01/13 04:10,2012/01/13 00:00,2012/01/13 09:18,1970/01/01 00:00
9699251,169,23,28,205,546713,1284.0,0.770737,0.0,2012/01/12 03:46,2012/01/12 00:00,2012/01/13 12:10,1970/01/01 00:00
9738900,169,23,28,205,546713,1074.0,0.769099,0.0,2012/01/16 19:03,2012/01/18 00:00,2012/01/20 08:34,1970/01/01 00:00
9596463,169,169,239,205,551375,3300.0,1.0,40.0,2012/01/02 07:03,2012/01/02 00:00,2012/01/02 11:05,1970/01/01 00:00
9593001,169,169,239,205,551375,2310.0,1.0,28.0,2012/01/01 17:05,2012/01/02 00:00,2012/01/03 08:08,1970/01/01 00:00
9789876,169,100,133,205,1099512,1799.43,40.529767,442.0,2012/01/22 07:09,2012/01/22 00:00,2012/01/22 08:19,1970/01/01 00:00
9491703,169,151,239,205,2139995,2295.0,0.07251,2.0,2011/12/27 03:29,2011/12/27 00:00,2011/12/30 10:26,1970/01/01 00:00
9544805,169,151,239,205,2139995,1827.0,0.072207,0.8,2011/12/29 18:26,2011/12/29 00:00,2011/12/30 12:49,1970/01/01 00:00
9617621,169,169,239,205,2139995,990.0,1.0,12.0,2012/01/04 04:40,2012/01/04 00:00,2012/01/13 09:41,1970/01/01 00:00
9519404,169,100,133,205,2139981,2399.19,39.860705,579.6,2011/12/28 07:52,1970/01/01 00:00,1970/01/01 00:00,2011/12/30 08:49
9541100,169,151,239,205,1184292,2742.0,0.072207,1.2,2011/12/29 12:04,1970/01/01 00:00,1970/01/01 00:00,2012/01/29 23:49
9566295,169,151,239,205,1184292,2703.0,0.073266,2.4,2011/12/30 18:54,2011/12/30 00:00,2011/12/31 10:50,1970/01/01 00:00
9840736,169,151,239,205,1184292,2742.0,0.072469,2.4,2012/01/25 12:24,2012/01/25 00:00,2012/01/27 11:20,1970/01/01 00:00
9623747,169,169,239,205,1590440,990.0,1.0,12.0,2012/01/04 08:40,2012/01/04 00:00,2012/01/08 12:50,1970/01/01 00:00
9525141,169,151,239,205,1590492,2283.0,0.072275,2.0,2011/12/28 10:22,2011/12/28 00:00,2011/12/31 11:37,1970/01/01 00:00
9674371,169,169,239,205,550538,1320.0,1.0,8.0,2012/01/09 14:13,2012/01/10 00:00,2012/01/10 09:01,1970/01/01 00:00
9478434,169,100,133,205,551609,1800.0,40.480006,441.6,2011/12/26 08:22,2011/12/26 00:00,2011/12/26 12:19,1970/01/01 00:00
9561212,169,151,239,205,2151176,2253.0,0.073266,2.0,2011/12/30 12:47,1970/01/01 00:00,1970/01/01 00:00,2012/01/05 22:12
9547433,169,169,239,205,2151176,1650.0,1.0,10.0,2011/12/30 05:31,2011/12/30 00:00,2011/12/30 13:13,1970/01/01 00:00
9710500,169,169,239,205,2151176,3300.0,1.0,20.0,2012/01/13 07:46,2012/01/13 00:00,2012/01/14 07:26,1970/01/01 00:00
9609145,169,151,239,205,943014,4455.0,0.074071,4.0,2012/01/03 08:46,1970/01/01 00:00,1970/01/01 00:00,2012/01/09 22:40
9678436,169,151,239,205,1590524,2652.0,0.074636,0.0,2012/01/10 06:58,2012/01/10 00:00,2012/01/10 08:51,1970/01/01 00:00
9717578,169,169,239,205,1590524,1485.0,1.0,18.0,2012/01/13 18:45,2012/01/14 00:00,2012/01/15 07:23,1970/01/01 00:00
9717551,169,169,239,205,1590524,1485.0,1.0,18.0,2012/01/13 18:39,2012/01/14 00:00,2012/01/15 13:58,1970/01/01 00:00
9717633,169,151,239,205,1590524,2193.0,0.076461,2.0,2012/01/13 18:57,2012/01/14 00:00,2012/01/17 08:18,1970/01/01 00:00
9777717,169,151,239,205,1590524,6747.0,0.073426,0.0,2012/01/20 17:42,2012/01/21 00:00,2012/01/21 11:32,1970/01/01 00:00
10749376,169,151,239,205,538606,1104.0,0.059807,0.1,2012/04/16 11:26,2012/04/16 00:00,2012/04/20 08:51,1970/01/01 00:00
10775625,169,169,239,205,1550733,5280.0,1.0,64.0,2012/04/19 11:44,2012/04/19 00:00,2012/04/20 07:48,1970/01/01 00:00
10807478,169,169,239,205,1550733,1650.0,1.0,20.0,2012/04/22 20:08,2012/04/23 00:00,2012/04/24 07:25,1970/01/01 00:00
10757517,169,151,239,205,1548825,990.0,0.059924,0.1,2012/04/17 13:18,2012/04/18 00:00,2012/04/21 09:54,1970/01/01 00:00
10777456,169,169,239,205,1585577,990.0,1.0,6.0,2012/04/19 18:33,1970/01/01 00:00,1970/01/01 00:00,2012/04/29 23:32
